北京,北京,北京,CN101010100
海淀,北京,北京,CN101010200
朝阳,北京,北京,CN101010300
顺义,北京,北京,CN101010400
怀柔,北京,北京,CN101010500
通州,北京,北京,CN101010600
昌平,北京,北京,CN101010700
延庆,北京,北京,CN101010800
丰台,北京,北京,CN101010900
石景山,北京,北京,CN101011000
大兴,北京,北京,CN101011100
房山,北京,北京,CN101011200
密云,北京,北京,CN101011300
门头沟,北京,北京,CN101011400
平谷,北京,北京,CN101011500
东城,北京,北京,CN101011600
西城,北京,北京,CN101011700
上海,上海,上海,CN101020100
闵行,上海,上海,CN101020200
宝山,上海,上海,CN101020300
黄浦,上海,上海,CN101020400
嘉定,上海,上海,CN101020500
浦东新区,上海,上海,CN101020600
金山,上海,上海,CN101020700
青浦,上海,上海,CN101020800
松江,上海,上海,CN101020900
奉贤,上海,上海,CN101021000
崇明,上海,上海,CN101021100
徐汇,上海,上海,CN101021200
长宁,上海,上海,CN101021300
静安,上海,上海,CN101021400
普陀,上海,上海,CN101021500
虹口,上海,上海,CN101021600
杨浦,上海,上海,CN101021700
天津,天津,天津,CN101030100
武清,天津,天津,CN101030200
宝坻,天津,天津,CN101030300
东丽,天津,天津,CN101030400
西青,天津,天津,CN101030500
北辰,天津,天津,CN101030600
宁河,天津,天津,CN101030700
和平,天津,天津,CN101030800
静海,天津,天津,CN101030900
津南,天津,天津,CN101031000
滨海新区,天津,天津,CN101031100
河东,天津,天津,CN101031200
河西,天津,天津,CN101031300
蓟州,天津,天津,CN101031400
南开,天津,天津,CN101031500
河北,天津,天津,CN101031600
红桥,天津,天津,CN101031700
重庆,重庆,重庆,CN101040100
永川,重庆,重庆,CN101040200
合川,重庆,重庆,CN101040300
南川,重庆,重庆,CN101040400
江津,重庆,重庆,CN101040500
渝北,重庆,重庆,CN101040700
北碚,重庆,重庆,CN101040800
巴南,重庆,重庆,CN101040900
长寿,重庆,重庆,CN101041000
黔江,重庆,重庆,CN101041100
渝中,重庆,重庆,CN101041200
万州,重庆,重庆,CN101041300
涪陵,重庆,重庆,CN101041400
城口,重庆,重庆,CN101041600
云阳,重庆,重庆,CN101041700
巫溪,重庆,重庆,CN101041800
奉节,重庆,重庆,CN101041900
巫山,重庆,重庆,CN101042000
潼南,重庆,重庆,CN101042100
垫江,重庆,重庆,CN101042200
梁平,重庆,重庆,CN101042300
忠县,重庆,重庆,CN101042400
石柱,重庆,重庆,CN101042500
大足,重庆,重庆,CN101042600
荣昌,重庆,重庆,CN101042700
铜梁,重庆,重庆,CN101042800
璧山,重庆,重庆,CN101042900
丰都,重庆,重庆,CN101043000
武隆,重庆,重庆,CN101043100
彭水,重庆,重庆,CN101043200
綦江,重庆,重庆,CN101043300
酉阳,重庆,重庆,CN101043400
大渡口,重庆,重庆,CN101043500
秀山,重庆,重庆,CN101043600
江北,重庆,重庆,CN101043700
沙坪坝,重庆,重庆,CN101043800
九龙坡,重庆,重庆,CN101043900
南岸,重庆,重庆,CN101044000
开州,重庆,重庆,CN101044100
哈尔滨,黑龙江,哈尔滨,CN101050101
双城,黑龙江,哈尔滨,CN101050102
呼兰,黑龙江,哈尔滨,CN101050103
阿城,黑龙江,哈尔滨,CN101050104
宾县,黑龙江,哈尔滨,CN101050105
依兰,黑龙江,哈尔滨,CN101050106
巴彦,黑龙江,哈尔滨,CN101050107
通河,黑龙江,哈尔滨,CN101050108
方正,黑龙江,哈尔滨,CN101050109
延寿,黑龙江,哈尔滨,CN101050110
尚志,黑龙江,哈尔滨,CN101050111
五常,黑龙江,哈尔滨,CN101050112
木兰,黑龙江,哈尔滨,CN101050113
道里,黑龙江,哈尔滨,CN101050114
南岗,黑龙江,哈尔滨,CN101050115
道外,黑龙江,哈尔滨,CN101050116
平房,黑龙江,哈尔滨,CN101050117
松北,黑龙江,哈尔滨,CN101050118
香坊,黑龙江,哈尔滨,CN101050119
齐齐哈尔,黑龙江,齐齐哈尔,CN101050201
讷河,黑龙江,齐齐哈尔,CN101050202
龙江,黑龙江,齐齐哈尔,CN101050203
甘南,黑龙江,齐齐哈尔,CN101050204
富裕,黑龙江,齐齐哈尔,CN101050205
依安,黑龙江,齐齐哈尔,CN101050206
拜泉,黑龙江,齐齐哈尔,CN101050207
克山,黑龙江,齐齐哈尔,CN101050208
克东,黑龙江,齐齐哈尔,CN101050209
泰来,黑龙江,齐齐哈尔,CN101050210
龙沙,黑龙江,齐齐哈尔,CN101050211
建华,黑龙江,齐齐哈尔,CN101050212
铁锋,黑龙江,齐齐哈尔,CN101050213
昂昂溪,黑龙江,齐齐哈尔,CN101050214
富拉尔基,黑龙江,齐齐哈尔,CN101050215
碾子山,黑龙江,齐齐哈尔,CN101050216
梅里斯,黑龙江,齐齐哈尔,CN101050217
牡丹江,黑龙江,牡丹江,CN101050301
海林,黑龙江,牡丹江,CN101050302
穆棱,黑龙江,牡丹江,CN101050303
林口,黑龙江,牡丹江,CN101050304
绥芬河,黑龙江,牡丹江,CN101050305
宁安,黑龙江,牡丹江,CN101050306
东宁,黑龙江,牡丹江,CN101050307
东安,黑龙江,牡丹江,CN101050308
阳明,黑龙江,牡丹江,CN101050309
爱民,黑龙江,牡丹江,CN101050310
西安,黑龙江,牡丹江,CN101050311
佳木斯,黑龙江,佳木斯,CN101050401
汤原,黑龙江,佳木斯,CN101050402
抚远,黑龙江,佳木斯,CN101050403
桦川,黑龙江,佳木斯,CN101050404
桦南,黑龙江,佳木斯,CN101050405
同江,黑龙江,佳木斯,CN101050406
富锦,黑龙江,佳木斯,CN101050407
向阳,黑龙江,佳木斯,CN101050408
前进,黑龙江,佳木斯,CN101050409
东风,黑龙江,佳木斯,CN101050410
郊区,黑龙江,佳木斯,CN101050411
绥化,黑龙江,绥化,CN101050501
肇东,黑龙江,绥化,CN101050502
安达,黑龙江,绥化,CN101050503
海伦,黑龙江,绥化,CN101050504
明水,黑龙江,绥化,CN101050505
望奎,黑龙江,绥化,CN101050506
兰西,黑龙江,绥化,CN101050507
青冈,黑龙江,绥化,CN101050508
庆安,黑龙江,绥化,CN101050509
绥棱,黑龙江,绥化,CN101050510
北林,黑龙江,绥化,CN101050511
黑河,黑龙江,黑河,CN101050601
嫩江,黑龙江,黑河,CN101050602
孙吴,黑龙江,黑河,CN101050603
逊克,黑龙江,黑河,CN101050604
五大连池,黑龙江,黑河,CN101050605
北安,黑龙江,黑河,CN101050606
爱辉,黑龙江,黑河,CN101050607
大兴安岭,黑龙江,大兴安岭,CN101050701
塔河,黑龙江,大兴安岭,CN101050702
漠河,黑龙江,大兴安岭,CN101050703
呼玛,黑龙江,大兴安岭,CN101050704
呼中,黑龙江,大兴安岭,CN101050705
新林,黑龙江,大兴安岭,CN101050706
加格达奇,黑龙江,大兴安岭,CN101050708
伊春,黑龙江,伊春,CN101050801
乌伊岭,黑龙江,伊春,CN101050802
五营,黑龙江,伊春,CN101050803
铁力,黑龙江,伊春,CN101050804
嘉荫,黑龙江,伊春,CN101050805
南岔,黑龙江,伊春,CN101050806
友好,黑龙江,伊春,CN101050807
西林,黑龙江,伊春,CN101050808
翠峦,黑龙江,伊春,CN101050809
新青,黑龙江,伊春,CN101050810
美溪,黑龙江,伊春,CN101050811
金山屯,黑龙江,伊春,CN101050812
乌马河,黑龙江,伊春,CN101050813
汤旺河,黑龙江,伊春,CN101050814
带岭,黑龙江,伊春,CN101050815
红星,黑龙江,伊春,CN101050816
上甘岭,黑龙江,伊春,CN101050817
大庆,黑龙江,大庆,CN101050901
林甸,黑龙江,大庆,CN101050902
肇州,黑龙江,大庆,CN101050903
肇源,黑龙江,大庆,CN101050904
杜尔伯特,黑龙江,大庆,CN101050905
萨尔图,黑龙江,大庆,CN101050906
龙凤,黑龙江,大庆,CN101050907
让胡路,黑龙江,大庆,CN101050908
红岗,黑龙江,大庆,CN101050909
大同,黑龙江,大庆,CN101050910
新兴,黑龙江,七台河,CN101051001
七台河,黑龙江,七台河,CN101051002
勃利,黑龙江,七台河,CN101051003
桃山,黑龙江,七台河,CN101051004
茄子河,黑龙江,七台河,CN101051005
鸡西,黑龙江,鸡西,CN101051101
虎林,黑龙江,鸡西,CN101051102
密山,黑龙江,鸡西,CN101051103
鸡东,黑龙江,鸡西,CN101051104
鸡冠,黑龙江,鸡西,CN101051105
恒山,黑龙江,鸡西,CN101051106
滴道,黑龙江,鸡西,CN101051107
梨树,黑龙江,鸡西,CN101051108
城子河,黑龙江,鸡西,CN101051109
麻山,黑龙江,鸡西,CN101051110
鹤岗,黑龙江,鹤岗,CN101051201
绥滨,黑龙江,鹤岗,CN101051202
萝北,黑龙江,鹤岗,CN101051203
向阳,黑龙江,鹤岗,CN101051204
工农,黑龙江,鹤岗,CN101051205
南山,黑龙江,鹤岗,CN101051206
兴安,黑龙江,鹤岗,CN101051207
东山,黑龙江,鹤岗,CN101051208
兴山,黑龙江,鹤岗,CN101051209
双鸭山,黑龙江,双鸭山,CN101051301
集贤,黑龙江,双鸭山,CN101051302
宝清,黑龙江,双鸭山,CN101051303
饶河,黑龙江,双鸭山,CN101051304
友谊,黑龙江,双鸭山,CN101051305
尖山,黑龙江,双鸭山,CN101051306
岭东,黑龙江,双鸭山,CN101051307
四方台,黑龙江,双鸭山,CN101051308
宝山,黑龙江,双鸭山,CN101051309
长春,吉林,长春,CN101060101
农安,吉林,长春,CN101060102
德惠,吉林,长春,CN101060103
九台,吉林,长春,CN101060104
榆树,吉林,长春,CN101060105
双阳,吉林,长春,CN101060106
二道,吉林,长春,CN101060107
南关,吉林,长春,CN101060108
宽城,吉林,长春,CN101060109
朝阳,吉林,长春,CN101060110
绿园,吉林,长春,CN101060111
吉林,吉林,吉林,CN101060201
舒兰,吉林,吉林,CN101060202
永吉,吉林,吉林,CN101060203
蛟河,吉林,吉林,CN101060204
磐石,吉林,吉林,CN101060205
桦甸,吉林,吉林,CN101060206
昌邑,吉林,吉林,CN101060207
龙潭,吉林,吉林,CN101060208
船营,吉林,吉林,CN101060209
丰满,吉林,吉林,CN101060210
延吉,吉林,延边,CN101060301
敦化,吉林,延边,CN101060302
安图,吉林,延边,CN101060303
汪清,吉林,延边,CN101060304
和龙,吉林,延边,CN101060305
延边,吉林,延边,CN101060306
龙井,吉林,延边,CN101060307
珲春,吉林,延边,CN101060308
图们,吉林,延边,CN101060309
四平,吉林,四平,CN101060401
双辽,吉林,四平,CN101060402
梨树,吉林,四平,CN101060403
公主岭,吉林,四平,CN101060404
伊通,吉林,四平,CN101060405
铁西,吉林,四平,CN101060406
铁东,吉林,四平,CN101060407
通化,吉林,通化,CN101060501
梅河口,吉林,通化,CN101060502
柳河,吉林,通化,CN101060503
辉南,吉林,通化,CN101060504
集安,吉林,通化,CN101060505
通化县,吉林,通化,CN101060506
东昌,吉林,通化,CN101060507
二道江,吉林,通化,CN101060508
白城,吉林,白城,CN101060601
洮南,吉林,白城,CN101060602
大安,吉林,白城,CN101060603
镇赉,吉林,白城,CN101060604
通榆,吉林,白城,CN101060605
洮北,吉林,白城,CN101060606
辽源,吉林,辽源,CN101060701
东丰,吉林,辽源,CN101060702
东辽,吉林,辽源,CN101060703
龙山,吉林,辽源,CN101060704
西安,吉林,辽源,CN101060705
松原,吉林,松原,CN101060801
乾安,吉林,松原,CN101060802
前郭,吉林,松原,CN101060803
长岭,吉林,松原,CN101060804
扶余,吉林,松原,CN101060805
宁江,吉林,松原,CN101060806
白山,吉林,白山,CN101060901
靖宇,吉林,白山,CN101060902
临江,吉林,白山,CN101060903
东岗,吉林,白山,CN101060904
长白,吉林,白山,CN101060905
抚松,吉林,白山,CN101060906
江源,吉林,白山,CN101060907
浑江,吉林,白山,CN101060908
沈阳,辽宁,沈阳,CN101070101
浑南,辽宁,沈阳,CN101070102
辽中,辽宁,沈阳,CN101070103
康平,辽宁,沈阳,CN101070104
法库,辽宁,沈阳,CN101070105
新民,辽宁,沈阳,CN101070106
和平,辽宁,沈阳,CN101070107
沈河,辽宁,沈阳,CN101070108
大东,辽宁,沈阳,CN101070109
皇姑,辽宁,沈阳,CN101070110
铁西,辽宁,沈阳,CN101070111
苏家屯,辽宁,沈阳,CN101070112
沈北新区,辽宁,沈阳,CN101070113
于洪,辽宁,沈阳,CN101070114
大连,辽宁,大连,CN101070201
瓦房店,辽宁,大连,CN101070202
金州,辽宁,大连,CN101070203
普兰店,辽宁,大连,CN101070204
旅顺,辽宁,大连,CN101070205
长海,辽宁,大连,CN101070206
庄河,辽宁,大连,CN101070207
中山,辽宁,大连,CN101070208
西岗,辽宁,大连,CN101070209
沙河口,辽宁,大连,CN101070210
甘井子,辽宁,大连,CN101070211
鞍山,辽宁,鞍山,CN101070301
台安,辽宁,鞍山,CN101070302
岫岩,辽宁,鞍山,CN101070303
海城,辽宁,鞍山,CN101070304
铁东,辽宁,鞍山,CN101070305
铁西,辽宁,鞍山,CN101070306
立山,辽宁,鞍山,CN101070307
千山,辽宁,鞍山,CN101070308
抚顺,辽宁,抚顺,CN101070401
新宾,辽宁,抚顺,CN101070402
清原,辽宁,抚顺,CN101070403
新抚,辽宁,抚顺,CN101070405
东洲,辽宁,抚顺,CN101070406
望花,辽宁,抚顺,CN101070407
顺城,辽宁,抚顺,CN101070408
本溪,辽宁,本溪,CN101070501
本溪县,辽宁,本溪,CN101070502
平山,辽宁,本溪,CN101070503
桓仁,辽宁,本溪,CN101070504
溪湖,辽宁,本溪,CN101070505
明山,辽宁,本溪,CN101070506
南芬,辽宁,本溪,CN101070507
丹东,辽宁,丹东,CN101070601
凤城,辽宁,丹东,CN101070602
宽甸,辽宁,丹东,CN101070603
东港,辽宁,丹东,CN101070604
元宝,辽宁,丹东,CN101070605
振兴,辽宁,丹东,CN101070606
振安,辽宁,丹东,CN101070607
锦州,辽宁,锦州,CN101070701
凌海,辽宁,锦州,CN101070702
古塔,辽宁,锦州,CN101070703
义县,辽宁,锦州,CN101070704
黑山,辽宁,锦州,CN101070705
北镇,辽宁,锦州,CN101070706
凌河,辽宁,锦州,CN101070707
太和,辽宁,锦州,CN101070708
营口,辽宁,营口,CN101070801
大石桥,辽宁,营口,CN101070802
盖州,辽宁,营口,CN101070803
站前,辽宁,营口,CN101070804
西市,辽宁,营口,CN101070805
鲅鱼圈,辽宁,营口,CN101070806
老边,辽宁,营口,CN101070807
阜新,辽宁,阜新,CN101070901
彰武,辽宁,阜新,CN101070902
海州,辽宁,阜新,CN101070903
新邱,辽宁,阜新,CN101070904
太平,辽宁,阜新,CN101070905
清河门,辽宁,阜新,CN101070906
细河,辽宁,阜新,CN101070907
辽阳,辽宁,辽阳,CN101071001
辽阳县,辽宁,辽阳,CN101071002
灯塔,辽宁,辽阳,CN101071003
弓长岭,辽宁,辽阳,CN101071004
白塔,辽宁,辽阳,CN101071005
文圣,辽宁,辽阳,CN101071006
宏伟,辽宁,辽阳,CN101071007
太子河,辽宁,辽阳,CN101071008
铁岭,辽宁,铁岭,CN101071101
开原,辽宁,铁岭,CN101071102
昌图,辽宁,铁岭,CN101071103
西丰,辽宁,铁岭,CN101071104
调兵山,辽宁,铁岭,CN101071105
银州,辽宁,铁岭,CN101071106
清河,辽宁,铁岭,CN101071107
朝阳,辽宁,朝阳,CN101071201
双塔,辽宁,朝阳,CN101071202
凌源,辽宁,朝阳,CN101071203
喀左,辽宁,朝阳,CN101071204
北票,辽宁,朝阳,CN101071205
龙城,辽宁,朝阳,CN101071206
建平县,辽宁,朝阳,CN101071207
盘锦,辽宁,盘锦,CN101071301
大洼,辽宁,盘锦,CN101071302
盘山,辽宁,盘锦,CN101071303
双台子,辽宁,盘锦,CN101071304
兴隆台,辽宁,盘锦,CN101071305
葫芦岛,辽宁,葫芦岛,CN101071401
建昌,辽宁,葫芦岛,CN101071402
绥中,辽宁,葫芦岛,CN101071403
兴城,辽宁,葫芦岛,CN101071404
连山,辽宁,葫芦岛,CN101071405
龙港,辽宁,葫芦岛,CN101071406
南票,辽宁,葫芦岛,CN101071407
呼和浩特,内蒙古,呼和浩特,CN101080101
土左旗,内蒙古,呼和浩特,CN101080102
托县,内蒙古,呼和浩特,CN101080103
和林,内蒙古,呼和浩特,CN101080104
清水河,内蒙古,呼和浩特,CN101080105
赛罕,内蒙古,呼和浩特,CN101080106
武川,内蒙古,呼和浩特,CN101080107
新城,内蒙古,呼和浩特,CN101080108
回民,内蒙古,呼和浩特,CN101080109
玉泉,内蒙古,呼和浩特,CN101080110
包头,内蒙古,包头,CN101080201
白云鄂博,内蒙古,包头,CN101080202
满都拉,内蒙古,包头,CN101080203
土右旗,内蒙古,包头,CN101080204
固阳,内蒙古,包头,CN101080205
达茂旗,内蒙古,包头,CN101080206
希拉穆仁,内蒙古,包头,CN101080207
东河,内蒙古,包头,CN101080208
昆都仑,内蒙古,包头,CN101080209
青山,内蒙古,包头,CN101080210
石拐,内蒙古,包头,CN101080211
九原,内蒙古,包头,CN101080212
乌海,内蒙古,乌海,CN101080301
海勃湾,内蒙古,乌海,CN101080302
海南,内蒙古,乌海,CN101080303
乌达,内蒙古,乌海,CN101080304
集宁,内蒙古,乌兰察布,CN101080401
卓资,内蒙古,乌兰察布,CN101080402
化德,内蒙古,乌兰察布,CN101080403
商都,内蒙古,乌兰察布,CN101080404
乌兰察布,内蒙古,乌兰察布,CN101080405
兴和,内蒙古,乌兰察布,CN101080406
凉城,内蒙古,乌兰察布,CN101080407
察右前旗,内蒙古,乌兰察布,CN101080408
察右中旗,内蒙古,乌兰察布,CN101080409
察右后旗,内蒙古,乌兰察布,CN101080410
四子王旗,内蒙古,乌兰察布,CN101080411
丰镇,内蒙古,乌兰察布,CN101080412
通辽,内蒙古,通辽,CN101080501
舍伯吐,内蒙古,通辽,CN101080502
科左中旗,内蒙古,通辽,CN101080503
科左后旗,内蒙古,通辽,CN101080504
青龙山,内蒙古,通辽,CN101080505
开鲁,内蒙古,通辽,CN101080506
库伦,内蒙古,通辽,CN101080507
奈曼,内蒙古,通辽,CN101080508
扎鲁特,内蒙古,通辽,CN101080509
科尔沁,内蒙古,通辽,CN101080510
巴雅尔吐胡硕,内蒙古,通辽,CN101080511
霍林郭勒,内蒙古,通辽,CN101080512
赤峰,内蒙古,赤峰,CN101080601
红山,内蒙古,赤峰,CN101080602
阿鲁旗,内蒙古,赤峰,CN101080603
巴林左旗,内蒙古,赤峰,CN101080605
巴林右旗,内蒙古,赤峰,CN101080606
林西,内蒙古,赤峰,CN101080607
克什克腾,内蒙古,赤峰,CN101080608
翁牛特,内蒙古,赤峰,CN101080609
岗子,内蒙古,赤峰,CN101080610
喀喇沁,内蒙古,赤峰,CN101080611
八里罕,内蒙古,赤峰,CN101080612
宁城,内蒙古,赤峰,CN101080613
敖汉,内蒙古,赤峰,CN101080614
元宝山,内蒙古,赤峰,CN101080616
松山,内蒙古,赤峰,CN101080617
富河,内蒙古,赤峰,CN101080618
宝国图,内蒙古,赤峰,CN101080619
鄂尔多斯,内蒙古,鄂尔多斯,CN101080701
达拉特,内蒙古,鄂尔多斯,CN101080703
准格尔,内蒙古,鄂尔多斯,CN101080704
鄂前旗,内蒙古,鄂尔多斯,CN101080705
河南,内蒙古,鄂尔多斯,CN101080706
伊和乌素,内蒙古,鄂尔多斯,CN101080707
鄂托克,内蒙古,鄂尔多斯,CN101080708
杭锦旗,内蒙古,鄂尔多斯,CN101080709
乌审旗,内蒙古,鄂尔多斯,CN101080710
伊金霍洛,内蒙古,鄂尔多斯,CN101080711
乌审召,内蒙古,鄂尔多斯,CN101080712
东胜,内蒙古,鄂尔多斯,CN101080713
康巴什,内蒙古,鄂尔多斯,CN101080714
临河,内蒙古,巴彦淖尔,CN101080801
五原,内蒙古,巴彦淖尔,CN101080802
磴口,内蒙古,巴彦淖尔,CN101080803
乌前旗,内蒙古,巴彦淖尔,CN101080804
大佘太,内蒙古,巴彦淖尔,CN101080805
乌中旗,内蒙古,巴彦淖尔,CN101080806
乌后旗,内蒙古,巴彦淖尔,CN101080807
海力素,内蒙古,巴彦淖尔,CN101080808
那仁宝力格,内蒙古,巴彦淖尔,CN101080809
杭锦后旗,内蒙古,巴彦淖尔,CN101080810
巴彦淖尔,内蒙古,巴彦淖尔,CN101080811
锡林浩特,内蒙古,锡林郭勒,CN101080901
锡林郭勒,内蒙古,锡林郭勒,CN101080902
二连浩特,内蒙古,锡林郭勒,CN101080903
阿巴嘎,内蒙古,锡林郭勒,CN101080904
苏左旗,内蒙古,锡林郭勒,CN101080906
苏右旗,内蒙古,锡林郭勒,CN101080907
朱日和,内蒙古,锡林郭勒,CN101080908
东乌旗,内蒙古,锡林郭勒,CN101080909
西乌旗,内蒙古,锡林郭勒,CN101080910
太仆寺,内蒙古,锡林郭勒,CN101080911
镶黄旗,内蒙古,锡林郭勒,CN101080912
正镶白旗,内蒙古,锡林郭勒,CN101080913
正蓝旗,内蒙古,锡林郭勒,CN101080914
多伦,内蒙古,锡林郭勒,CN101080915
博克图,内蒙古,锡林郭勒,CN101080916
乌拉盖,内蒙古,锡林郭勒,CN101080917
海拉尔,内蒙古,呼伦贝尔,CN101081001
小二沟,内蒙古,呼伦贝尔,CN101081002
阿荣旗,内蒙古,呼伦贝尔,CN101081003
莫力达瓦,内蒙古,呼伦贝尔,CN101081004
鄂伦春旗,内蒙古,呼伦贝尔,CN101081005
鄂温克旗,内蒙古,呼伦贝尔,CN101081006
陈旗,内蒙古,呼伦贝尔,CN101081007
新左旗,内蒙古,呼伦贝尔,CN101081008
新右旗,内蒙古,呼伦贝尔,CN101081009
满洲里,内蒙古,呼伦贝尔,CN101081010
牙克石,内蒙古,呼伦贝尔,CN101081011
扎兰屯,内蒙古,呼伦贝尔,CN101081012
呼伦贝尔,内蒙古,呼伦贝尔,CN101081013
额尔古纳,内蒙古,呼伦贝尔,CN101081014
根河,内蒙古,呼伦贝尔,CN101081015
图里河,内蒙古,呼伦贝尔,CN101081016
扎赉诺尔,内蒙古,呼伦贝尔,CN101081017
乌兰浩特,内蒙古,兴安盟,CN101081101
阿尔山,内蒙古,兴安盟,CN101081102
科右中旗,内蒙古,兴安盟,CN101081103
胡尔勒,内蒙古,兴安盟,CN101081104
扎赉特,内蒙古,兴安盟,CN101081105
索伦,内蒙古,兴安盟,CN101081106
突泉,内蒙古,兴安盟,CN101081107
兴安盟,内蒙古,兴安盟,CN101081108
科右前旗,内蒙古,兴安盟,CN101081109
高力板,内蒙古,兴安盟,CN101081110
阿左旗,内蒙古,阿拉善盟,CN101081201
阿右旗,内蒙古,阿拉善盟,CN101081202
额济纳,内蒙古,阿拉善盟,CN101081203
拐子湖,内蒙古,阿拉善盟,CN101081204
吉兰泰,内蒙古,阿拉善盟,CN101081205
巴彦诺日公,内蒙古,阿拉善盟,CN101081209
雅布赖,内蒙古,阿拉善盟,CN101081210
乌斯太,内蒙古,阿拉善盟,CN101081211
孪井滩,内蒙古,阿拉善盟,CN101081212
阿拉善盟,内蒙古,阿拉善盟,CN101081213
石家庄,河北,石家庄,CN101090101
井陉,河北,石家庄,CN101090102
正定,河北,石家庄,CN101090103
栾城,河北,石家庄,CN101090104
行唐,河北,石家庄,CN101090105
灵寿,河北,石家庄,CN101090106
高邑,河北,石家庄,CN101090107
深泽,河北,石家庄,CN101090108
赞皇,河北,石家庄,CN101090109
无极,河北,石家庄,CN101090110
平山,河北,石家庄,CN101090111
元氏,河北,石家庄,CN101090112
赵县,河北,石家庄,CN101090113
辛集,河北,石家庄,CN101090114
藁城,河北,石家庄,CN101090115
晋州,河北,石家庄,CN101090116
新乐,河北,石家庄,CN101090117
鹿泉,河北,石家庄,CN101090118
长安,河北,石家庄,CN101090119
桥西,河北,石家庄,CN101090120
新华,河北,石家庄,CN101090121
井陉矿区,河北,石家庄,CN101090122
裕华,河北,石家庄,CN101090123
保定,河北,保定,CN101090201
满城,河北,保定,CN101090202
阜平,河北,保定,CN101090203
徐水,河北,保定,CN101090204
唐县,河北,保定,CN101090205
高阳,河北,保定,CN101090206
竞秀,河北,保定,CN101090208
涞源,河北,保定,CN101090209
望都,河北,保定,CN101090210
易县,河北,保定,CN101090212
莲池,河北,保定,CN101090213
曲阳,河北,保定,CN101090214
蠡县,河北,保定,CN101090215
顺平,河北,保定,CN101090216
涿州,河北,保定,CN101090218
定州,河北,保定,CN101090219
安国,河北,保定,CN101090220
高碑店,河北,保定,CN101090221
涞水,河北,保定,CN101090222
定兴,河北,保定,CN101090223
清苑,河北,保定,CN101090224
博野,河北,保定,CN101090225
张家口,河北,张家口,CN101090301
宣化,河北,张家口,CN101090302
张北,河北,张家口,CN101090303
康保,河北,张家口,CN101090304
沽源,河北,张家口,CN101090305
尚义,河北,张家口,CN101090306
蔚县,河北,张家口,CN101090307
阳原,河北,张家口,CN101090308
怀安,河北,张家口,CN101090309
万全,河北,张家口,CN101090310
怀来,河北,张家口,CN101090311
涿鹿,河北,张家口,CN101090312
赤城,河北,张家口,CN101090313
崇礼,河北,张家口,CN101090314
桥东,河北,张家口,CN101090315
桥西,河北,张家口,CN101090316
下花园,河北,张家口,CN101090317
双桥,河北,承德,CN101090401
承德,河北,承德,CN101090402
承德县,河北,承德,CN101090403
兴隆,河北,承德,CN101090404
平泉,河北,承德,CN101090405
滦平,河北,承德,CN101090406
隆化,河北,承德,CN101090407
丰宁,河北,承德,CN101090408
宽城,河北,承德,CN101090409
围场,河北,承德,CN101090410
双滦,河北,承德,CN101090411
鹰手营子矿,河北,承德,CN101090412
唐山,河北,唐山,CN101090501
丰南,河北,唐山,CN101090502
丰润,河北,唐山,CN101090503
滦县,河北,唐山,CN101090504
滦南,河北,唐山,CN101090505
乐亭,河北,唐山,CN101090506
迁西,河北,唐山,CN101090507
玉田,河北,唐山,CN101090508
曹妃甸,河北,唐山,CN101090509
遵化,河北,唐山,CN101090510
迁安,河北,唐山,CN101090511
路南,河北,唐山,CN101090513
路北,河北,唐山,CN101090514
古冶,河北,唐山,CN101090515
开平,河北,唐山,CN101090516
廊坊,河北,廊坊,CN101090601
固安,河北,廊坊,CN101090602
永清,河北,廊坊,CN101090603
香河,河北,廊坊,CN101090604
大城,河北,廊坊,CN101090605
文安,河北,廊坊,CN101090606
大厂,河北,廊坊,CN101090607
霸州,河北,廊坊,CN101090608
三河,河北,廊坊,CN101090609
安次,河北,廊坊,CN101090610
广阳,河北,廊坊,CN101090611
沧州,河北,沧州,CN101090701
青县,河北,沧州,CN101090702
东光,河北,沧州,CN101090703
海兴,河北,沧州,CN101090704
盐山,河北,沧州,CN101090705
肃宁,河北,沧州,CN101090706
南皮,河北,沧州,CN101090707
吴桥,河北,沧州,CN101090708
献县,河北,沧州,CN101090709
孟村,河北,沧州,CN101090710
泊头,河北,沧州,CN101090711
任丘,河北,沧州,CN101090712
黄骅,河北,沧州,CN101090713
河间,河北,沧州,CN101090714
新华,河北,沧州,CN101090715
沧县,河北,沧州,CN101090716
运河,河北,沧州,CN101090717
衡水,河北,衡水,CN101090801
枣强,河北,衡水,CN101090802
武邑,河北,衡水,CN101090803
武强,河北,衡水,CN101090804
饶阳,河北,衡水,CN101090805
安平,河北,衡水,CN101090806
故城,河北,衡水,CN101090807
景县,河北,衡水,CN101090808
阜城,河北,衡水,CN101090809
冀州,河北,衡水,CN101090810
深州,河北,衡水,CN101090811
桃城,河北,衡水,CN101090812
邢台,河北,邢台,CN101090901
临城,河北,邢台,CN101090902
桥东,河北,邢台,CN101090903
内丘,河北,邢台,CN101090904
柏乡,河北,邢台,CN101090905
隆尧,河北,邢台,CN101090906
南和,河北,邢台,CN101090907
宁晋,河北,邢台,CN101090908
巨鹿,河北,邢台,CN101090909
新河,河北,邢台,CN101090910
广宗,河北,邢台,CN101090911
平乡,河北,邢台,CN101090912
威县,河北,邢台,CN101090913
清河,河北,邢台,CN101090914
临西,河北,邢台,CN101090915
南宫,河北,邢台,CN101090916
沙河,河北,邢台,CN101090917
任县,河北,邢台,CN101090918
桥西,河北,邢台,CN101090919
邯郸,河北,邯郸,CN101091001
峰峰,河北,邯郸,CN101091002
临漳,河北,邯郸,CN101091003
成安,河北,邯郸,CN101091004
大名,河北,邯郸,CN101091005
涉县,河北,邯郸,CN101091006
磁县,河北,邯郸,CN101091007
肥乡,河北,邯郸,CN101091008
永年,河北,邯郸,CN101091009
邱县,河北,邯郸,CN101091010
鸡泽,河北,邯郸,CN101091011
广平,河北,邯郸,CN101091012
馆陶,河北,邯郸,CN101091013
魏县,河北,邯郸,CN101091014
曲周,河北,邯郸,CN101091015
武安,河北,邯郸,CN101091016
邯山,河北,邯郸,CN101091017
丛台,河北,邯郸,CN101091018
复兴,河北,邯郸,CN101091019
秦皇岛,河北,秦皇岛,CN101091101
青龙,河北,秦皇岛,CN101091102
昌黎,河北,秦皇岛,CN101091103
抚宁,河北,秦皇岛,CN101091104
卢龙,河北,秦皇岛,CN101091105
北戴河,河北,秦皇岛,CN101091106
海港,河北,秦皇岛,CN101091107
山海关,河北,秦皇岛,CN101091108
雄安新区,河北,雄安新区,CN101091201
容城,河北,雄安新区,CN101091202
安新,河北,雄安新区,CN101091203
雄县,河北,雄安新区,CN101091204
太原,山西,太原,CN101100101
清徐,山西,太原,CN101100102
阳曲,山西,太原,CN101100103
娄烦,山西,太原,CN101100104
古交,山西,太原,CN101100105
尖草坪区,山西,太原,CN101100106
小店区,山西,太原,CN101100107
迎泽,山西,太原,CN101100108
杏花岭,山西,太原,CN101100109
万柏林,山西,太原,CN101100110
晋源,山西,太原,CN101100111
大同,山西,大同,CN101100201
阳高,山西,大同,CN101100202
大同县,山西,大同,CN101100203
天镇,山西,大同,CN101100204
广灵,山西,大同,CN101100205
灵丘,山西,大同,CN101100206
浑源,山西,大同,CN101100207
左云,山西,大同,CN101100208
矿区,山西,大同,CN101100209
南郊,山西,大同,CN101100210
新荣,山西,大同,CN101100211
阳泉,山西,阳泉,CN101100301
盂县,山西,阳泉,CN101100302
平定,山西,阳泉,CN101100303
矿区,山西,阳泉,CN101100304
郊区,山西,阳泉,CN101100305
晋中,山西,晋中,CN101100401
榆次,山西,晋中,CN101100402
榆社,山西,晋中,CN101100403
左权,山西,晋中,CN101100404
和顺,山西,晋中,CN101100405
昔阳,山西,晋中,CN101100406
寿阳,山西,晋中,CN101100407
太谷,山西,晋中,CN101100408
祁县,山西,晋中,CN101100409
平遥,山西,晋中,CN101100410
灵石,山西,晋中,CN101100411
介休,山西,晋中,CN101100412
长治,山西,长治,CN101100501
黎城,山西,长治,CN101100502
屯留,山西,长治,CN101100503
潞城,山西,长治,CN101100504
襄垣,山西,长治,CN101100505
平顺,山西,长治,CN101100506
武乡,山西,长治,CN101100507
沁县,山西,长治,CN101100508
长子,山西,长治,CN101100509
沁源,山西,长治,CN101100510
壶关,山西,长治,CN101100511
郊区,山西,长治,CN101100512
晋城,山西,晋城,CN101100601
沁水,山西,晋城,CN101100602
阳城,山西,晋城,CN101100603
陵川,山西,晋城,CN101100604
高平,山西,晋城,CN101100605
泽州,山西,晋城,CN101100606
临汾,山西,临汾,CN101100701
曲沃,山西,临汾,CN101100702
永和,山西,临汾,CN101100703
隰县,山西,临汾,CN101100704
大宁,山西,临汾,CN101100705
吉县,山西,临汾,CN101100706
襄汾,山西,临汾,CN101100707
蒲县,山西,临汾,CN101100708
汾西,山西,临汾,CN101100709
洪洞,山西,临汾,CN101100710
霍州,山西,临汾,CN101100711
乡宁,山西,临汾,CN101100712
翼城,山西,临汾,CN101100713
侯马,山西,临汾,CN101100714
浮山,山西,临汾,CN101100715
安泽,山西,临汾,CN101100716
古县,山西,临汾,CN101100717
尧都,山西,临汾,CN101100718
运城,山西,运城,CN101100801
临猗,山西,运城,CN101100802
稷山,山西,运城,CN101100803
万荣,山西,运城,CN101100804
河津,山西,运城,CN101100805
新绛,山西,运城,CN101100806
绛县,山西,运城,CN101100807
闻喜,山西,运城,CN101100808
垣曲,山西,运城,CN101100809
永济,山西,运城,CN101100810
芮城,山西,运城,CN101100811
夏县,山西,运城,CN101100812
平陆,山西,运城,CN101100813
盐湖,山西,运城,CN101100814
朔州,山西,朔州,CN101100901
平鲁,山西,朔州,CN101100902
山阴,山西,朔州,CN101100903
右玉,山西,朔州,CN101100904
应县,山西,朔州,CN101100905
怀仁,山西,朔州,CN101100906
朔城,山西,朔州,CN101100907
忻州,山西,忻州,CN101101001
定襄,山西,忻州,CN101101002
五台县,山西,忻州,CN101101003
河曲,山西,忻州,CN101101004
偏关,山西,忻州,CN101101005
神池,山西,忻州,CN101101006
宁武,山西,忻州,CN101101007
代县,山西,忻州,CN101101008
繁峙,山西,忻州,CN101101009
五台山,山西,忻州,CN101101010
保德,山西,忻州,CN101101011
静乐,山西,忻州,CN101101012
岢岚,山西,忻州,CN101101013
五寨,山西,忻州,CN101101014
原平,山西,忻州,CN101101015
忻府,山西,忻州,CN101101016
吕梁,山西,吕梁,CN101101100
离石,山西,吕梁,CN101101101
临县,山西,吕梁,CN101101102
兴县,山西,吕梁,CN101101103
岚县,山西,吕梁,CN101101104
柳林,山西,吕梁,CN101101105
石楼,山西,吕梁,CN101101106
方山,山西,吕梁,CN101101107
交口,山西,吕梁,CN101101108
中阳,山西,吕梁,CN101101109
孝义,山西,吕梁,CN101101110
汾阳,山西,吕梁,CN101101111
文水,山西,吕梁,CN101101112
交城,山西,吕梁,CN101101113
西安,陕西,西安,CN101110101
长安,陕西,西安,CN101110102
临潼,陕西,西安,CN101110103
蓝田,陕西,西安,CN101110104
周至,陕西,西安,CN101110105
鄠邑,陕西,西安,CN101110106
高陵,陕西,西安,CN101110107
新城,陕西,西安,CN101110108
碑林,陕西,西安,CN101110109
莲湖,陕西,西安,CN101110110
灞桥,陕西,西安,CN101110111
未央,陕西,西安,CN101110112
雁塔,陕西,西安,CN101110113
阎良,陕西,西安,CN101110114
咸阳,陕西,咸阳,CN101110200
三原,陕西,咸阳,CN101110201
礼泉,陕西,咸阳,CN101110202
永寿,陕西,咸阳,CN101110203
淳化,陕西,咸阳,CN101110204
泾阳,陕西,咸阳,CN101110205
武功,陕西,咸阳,CN101110206
乾县,陕西,咸阳,CN101110207
彬县,陕西,咸阳,CN101110208
长武,陕西,咸阳,CN101110209
旬邑,陕西,咸阳,CN101110210
兴平,陕西,咸阳,CN101110211
秦都,陕西,咸阳,CN101110212
渭城,陕西,咸阳,CN101110213
延安,陕西,延安,CN101110300
延长,陕西,延安,CN101110301
延川,陕西,延安,CN101110302
子长,陕西,延安,CN101110303
宜川,陕西,延安,CN101110304
富县,陕西,延安,CN101110305
志丹,陕西,延安,CN101110306
安塞,陕西,延安,CN101110307
甘泉,陕西,延安,CN101110308
洛川,陕西,延安,CN101110309
黄陵,陕西,延安,CN101110310
黄龙,陕西,延安,CN101110311
吴起,陕西,延安,CN101110312
宝塔,陕西,延安,CN101110313
榆林,陕西,榆林,CN101110401
府谷,陕西,榆林,CN101110402
神木,陕西,榆林,CN101110403
佳县,陕西,榆林,CN101110404
定边,陕西,榆林,CN101110405
靖边,陕西,榆林,CN101110406
横山,陕西,榆林,CN101110407
米脂,陕西,榆林,CN101110408
子洲,陕西,榆林,CN101110409
绥德,陕西,榆林,CN101110410
吴堡,陕西,榆林,CN101110411
清涧,陕西,榆林,CN101110412
榆阳,陕西,榆林,CN101110413
渭南,陕西,渭南,CN101110501
潼关,陕西,渭南,CN101110503
大荔,陕西,渭南,CN101110504
白水,陕西,渭南,CN101110505
富平,陕西,渭南,CN101110506
蒲城,陕西,渭南,CN101110507
澄城,陕西,渭南,CN101110508
合阳,陕西,渭南,CN101110509
韩城,陕西,渭南,CN101110510
华阴,陕西,渭南,CN101110511
临渭,陕西,渭南,CN101110512
华州,陕西,渭南,CN101110513
商洛,陕西,商洛,CN101110601
洛南,陕西,商洛,CN101110602
柞水,陕西,商洛,CN101110603
商州,陕西,商洛,CN101110604
镇安,陕西,商洛,CN101110605
丹凤,陕西,商洛,CN101110606
商南,陕西,商洛,CN101110607
山阳,陕西,商洛,CN101110608
安康,陕西,安康,CN101110701
紫阳,陕西,安康,CN101110702
石泉,陕西,安康,CN101110703
汉阴,陕西,安康,CN101110704
旬阳,陕西,安康,CN101110705
岚皋,陕西,安康,CN101110706
平利,陕西,安康,CN101110707
白河,陕西,安康,CN101110708
镇坪,陕西,安康,CN101110709
宁陕,陕西,安康,CN101110710
汉滨,陕西,安康,CN101110711
汉中,陕西,汉中,CN101110801
略阳,陕西,汉中,CN101110802
勉县,陕西,汉中,CN101110803
留坝,陕西,汉中,CN101110804
洋县,陕西,汉中,CN101110805
城固,陕西,汉中,CN101110806
西乡,陕西,汉中,CN101110807
佛坪,陕西,汉中,CN101110808
宁强,陕西,汉中,CN101110809
南郑,陕西,汉中,CN101110810
镇巴,陕西,汉中,CN101110811
汉台,陕西,汉中,CN101110812
宝鸡,陕西,宝鸡,CN101110901
渭滨,陕西,宝鸡,CN101110902
千阳,陕西,宝鸡,CN101110903
麟游,陕西,宝鸡,CN101110904
岐山,陕西,宝鸡,CN101110905
凤翔,陕西,宝鸡,CN101110906
扶风,陕西,宝鸡,CN101110907
眉县,陕西,宝鸡,CN101110908
太白,陕西,宝鸡,CN101110909
凤县,陕西,宝鸡,CN101110910
陇县,陕西,宝鸡,CN101110911
陈仓,陕西,宝鸡,CN101110912
金台,陕西,宝鸡,CN101110913
铜川,陕西,铜川,CN101111001
宜君,陕西,铜川,CN101111003
耀州,陕西,铜川,CN101111004
王益,陕西,铜川,CN101111005
印台,陕西,铜川,CN101111006
杨凌,陕西,杨凌,CN101111101
杨陵,陕西,杨凌,CN101111102
济南,山东,济南,CN101120101
长清,山东,济南,CN101120102
商河,山东,济南,CN101120103
章丘,山东,济南,CN101120104
平阴,山东,济南,CN101120105
济阳,山东,济南,CN101120106
历下,山东,济南,CN101120107
市中,山东,济南,CN101120108
槐荫,山东,济南,CN101120109
天桥,山东,济南,CN101120110
历城,山东,济南,CN101120111
青岛,山东,青岛,CN101120201
崂山,山东,青岛,CN101120202
市南,山东,青岛,CN101120203
即墨,山东,青岛,CN101120204
胶州,山东,青岛,CN101120205
黄岛,山东,青岛,CN101120206
莱西,山东,青岛,CN101120207
平度,山东,青岛,CN101120208
市北,山东,青岛,CN101120209
李沧,山东,青岛,CN101120210
城阳,山东,青岛,CN101120211
淄博,山东,淄博,CN101120301
淄川,山东,淄博,CN101120302
博山,山东,淄博,CN101120303
高青,山东,淄博,CN101120304
周村,山东,淄博,CN101120305
沂源,山东,淄博,CN101120306
桓台,山东,淄博,CN101120307
临淄,山东,淄博,CN101120308
张店,山东,淄博,CN101120309
德州,山东,德州,CN101120401
武城,山东,德州,CN101120402
临邑,山东,德州,CN101120403
陵县,山东,德州,CN101120404
齐河,山东,德州,CN101120405
乐陵,山东,德州,CN101120406
庆云,山东,德州,CN101120407
平原,山东,德州,CN101120408
宁津,山东,德州,CN101120409
夏津,山东,德州,CN101120410
禹城,山东,德州,CN101120411
德城,山东,德州,CN101120412
陵城,山东,德州,CN101120413
烟台,山东,烟台,CN101120501
莱州,山东,烟台,CN101120502
长岛,山东,烟台,CN101120503
蓬莱,山东,烟台,CN101120504
龙口,山东,烟台,CN101120505
招远,山东,烟台,CN101120506
栖霞,山东,烟台,CN101120507
福山,山东,烟台,CN101120508
牟平,山东,烟台,CN101120509
莱阳,山东,烟台,CN101120510
海阳,山东,烟台,CN101120511
芝罘,山东,烟台,CN101120512
莱山,山东,烟台,CN101120513
潍坊,山东,潍坊,CN101120601
青州,山东,潍坊,CN101120602
寿光,山东,潍坊,CN101120603
临朐,山东,潍坊,CN101120604
昌乐,山东,潍坊,CN101120605
昌邑,山东,潍坊,CN101120606
安丘,山东,潍坊,CN101120607
高密,山东,潍坊,CN101120608
诸城,山东,潍坊,CN101120609
潍城,山东,潍坊,CN101120610
寒亭,山东,潍坊,CN101120611
坊子,山东,潍坊,CN101120612
奎文,山东,潍坊,CN101120613
济宁,山东,济宁,CN101120701
嘉祥,山东,济宁,CN101120702
微山,山东,济宁,CN101120703
鱼台,山东,济宁,CN101120704
兖州,山东,济宁,CN101120705
金乡,山东,济宁,CN101120706
汶上,山东,济宁,CN101120707
泗水,山东,济宁,CN101120708
梁山,山东,济宁,CN101120709
曲阜,山东,济宁,CN101120710
邹城,山东,济宁,CN101120711
任城,山东,济宁,CN101120712
泰安,山东,泰安,CN101120801
新泰,山东,泰安,CN101120802
泰山,山东,泰安,CN101120803
肥城,山东,泰安,CN101120804
东平,山东,泰安,CN101120805
宁阳,山东,泰安,CN101120806
岱岳,山东,泰安,CN101120807
临沂,山东,临沂,CN101120901
莒南,山东,临沂,CN101120902
沂南,山东,临沂,CN101120903
兰陵,山东,临沂,CN101120904
临沭,山东,临沂,CN101120905
郯城,山东,临沂,CN101120906
蒙阴,山东,临沂,CN101120907
平邑,山东,临沂,CN101120908
费县,山东,临沂,CN101120909
沂水,山东,临沂,CN101120910
兰山,山东,临沂,CN101120911
罗庄,山东,临沂,CN101120912
河东,山东,临沂,CN101120913
菏泽,山东,菏泽,CN101121001
鄄城,山东,菏泽,CN101121002
郓城,山东,菏泽,CN101121003
东明,山东,菏泽,CN101121004
定陶,山东,菏泽,CN101121005
巨野,山东,菏泽,CN101121006
曹县,山东,菏泽,CN101121007
成武,山东,菏泽,CN101121008
单县,山东,菏泽,CN101121009
牡丹,山东,菏泽,CN101121010
滨州,山东,滨州,CN101121101
博兴,山东,滨州,CN101121102
无棣,山东,滨州,CN101121103
阳信,山东,滨州,CN101121104
惠民,山东,滨州,CN101121105
沾化,山东,滨州,CN101121106
邹平,山东,滨州,CN101121107
滨城,山东,滨州,CN101121108
东营,山东,东营,CN101121201
河口,山东,东营,CN101121202
垦利,山东,东营,CN101121203
利津,山东,东营,CN101121204
广饶,山东,东营,CN101121205
威海,山东,威海,CN101121301
文登,山东,威海,CN101121302
荣成,山东,威海,CN101121303
乳山,山东,威海,CN101121304
成山头,山东,威海,CN101121305
石岛,山东,威海,CN101121306
环翠,山东,威海,CN101121307
枣庄,山东,枣庄,CN101121401
薛城,山东,枣庄,CN101121402
峄城,山东,枣庄,CN101121403
台儿庄,山东,枣庄,CN101121404
滕州,山东,枣庄,CN101121405
市中,山东,枣庄,CN101121406
山亭,山东,枣庄,CN101121407
日照,山东,日照,CN101121501
五莲,山东,日照,CN101121502
莒县,山东,日照,CN101121503
东港,山东,日照,CN101121504
岚山,山东,日照,CN101121505
莱芜,山东,莱芜,CN101121601
莱城,山东,莱芜,CN101121602
钢城,山东,莱芜,CN101121603
聊城,山东,聊城,CN101121701
冠县,山东,聊城,CN101121702
阳谷,山东,聊城,CN101121703
高唐,山东,聊城,CN101121704
茌平,山东,聊城,CN101121705
东阿,山东,聊城,CN101121706
临清,山东,聊城,CN101121707
东昌府,山东,聊城,CN101121708
莘县,山东,聊城,CN101121709
乌鲁木齐,新疆,乌鲁木齐,CN101130101
天山,新疆,乌鲁木齐,CN101130102
小渠子,新疆,乌鲁木齐,CN101130103
沙依巴克,新疆,乌鲁木齐,CN101130104
达坂城,新疆,乌鲁木齐,CN101130105
新市,新疆,乌鲁木齐,CN101130106
水磨沟,新疆,乌鲁木齐,CN101130107
天池,新疆,乌鲁木齐,CN101130109
头屯河,新疆,乌鲁木齐,CN101130111
米东,新疆,乌鲁木齐,CN101130112
乌鲁木齐县,新疆,乌鲁木齐,CN101130113
西白杨沟,新疆,乌鲁木齐,CN101130114
克拉玛依,新疆,克拉玛依,CN101130201
乌尔禾,新疆,克拉玛依,CN101130202
白碱滩,新疆,克拉玛依,CN101130203
独山子,新疆,克拉玛依,CN101130204
石河子,新疆,石河子,CN101130301
炮台,新疆,石河子,CN101130302
莫索湾,新疆,石河子,CN101130303
昌吉,新疆,昌吉,CN101130401
呼图壁,新疆,昌吉,CN101130402
阜康,新疆,昌吉,CN101130404
吉木萨尔,新疆,昌吉,CN101130405
奇台,新疆,昌吉,CN101130406
玛纳斯,新疆,昌吉,CN101130407
木垒,新疆,昌吉,CN101130408
蔡家湖,新疆,昌吉,CN101130409
吐鲁番,新疆,吐鲁番,CN101130501
托克逊,新疆,吐鲁番,CN101130502
高昌,新疆,吐鲁番,CN101130503
鄯善,新疆,吐鲁番,CN101130504
库尔勒,新疆,巴音郭楞,CN101130601
轮台,新疆,巴音郭楞,CN101130602
尉犁,新疆,巴音郭楞,CN101130603
若羌,新疆,巴音郭楞,CN101130604
且末,新疆,巴音郭楞,CN101130605
和静,新疆,巴音郭楞,CN101130606
焉耆,新疆,巴音郭楞,CN101130607
和硕,新疆,巴音郭楞,CN101130608
巴音郭楞,新疆,巴音郭楞,CN101130609
巴音布鲁克,新疆,巴音郭楞,CN101130610
铁干里克,新疆,巴音郭楞,CN101130611
博湖,新疆,巴音郭楞,CN101130612
塔中,新疆,巴音郭楞,CN101130613
巴仑台,新疆,巴音郭楞,CN101130614
阿拉尔,新疆,阿拉尔,CN101130701
阿克苏,新疆,阿克苏,CN101130801
乌什,新疆,阿克苏,CN101130802
温宿,新疆,阿克苏,CN101130803
拜城,新疆,阿克苏,CN101130804
新和,新疆,阿克苏,CN101130805
沙雅,新疆,阿克苏,CN101130806
库车,新疆,阿克苏,CN101130807
柯坪,新疆,阿克苏,CN101130808
阿瓦提,新疆,阿克苏,CN101130809
喀什,新疆,喀什,CN101130901
英吉沙,新疆,喀什,CN101130902
塔什库尔干,新疆,喀什,CN101130903
麦盖提,新疆,喀什,CN101130904
莎车,新疆,喀什,CN101130905
叶城,新疆,喀什,CN101130906
泽普,新疆,喀什,CN101130907
巴楚,新疆,喀什,CN101130908
岳普湖,新疆,喀什,CN101130909
伽师,新疆,喀什,CN101130910
疏附,新疆,喀什,CN101130911
疏勒,新疆,喀什,CN101130912
伊宁,新疆,伊犁,CN101131001
察布查尔,新疆,伊犁,CN101131002
尼勒克,新疆,伊犁,CN101131003
伊宁县,新疆,伊犁,CN101131004
巩留,新疆,伊犁,CN101131005
新源,新疆,伊犁,CN101131006
昭苏,新疆,伊犁,CN101131007
特克斯,新疆,伊犁,CN101131008
霍城,新疆,伊犁,CN101131009
霍尔果斯,新疆,伊犁,CN101131010
奎屯,新疆,伊犁,CN101131011
伊犁,新疆,伊犁,CN101131012
塔城,新疆,塔城,CN101131101
裕民,新疆,塔城,CN101131102
额敏,新疆,塔城,CN101131103
和布克赛尔,新疆,塔城,CN101131104
托里,新疆,塔城,CN101131105
乌苏,新疆,塔城,CN101131106
沙湾,新疆,塔城,CN101131107
哈密,新疆,哈密,CN101131201
伊州,新疆,哈密,CN101131202
巴里坤,新疆,哈密,CN101131203
伊吾,新疆,哈密,CN101131204
和田,新疆,和田,CN101131301
皮山,新疆,和田,CN101131302
策勒,新疆,和田,CN101131303
墨玉,新疆,和田,CN101131304
洛浦,新疆,和田,CN101131305
民丰,新疆,和田,CN101131306
于田,新疆,和田,CN101131307
阿勒泰,新疆,阿勒泰,CN101131401
哈巴河,新疆,阿勒泰,CN101131402
吉木乃,新疆,阿勒泰,CN101131405
布尔津,新疆,阿勒泰,CN101131406
福海,新疆,阿勒泰,CN101131407
富蕴,新疆,阿勒泰,CN101131408
青河,新疆,阿勒泰,CN101131409
阿图什,新疆,克州,CN101131501
乌恰,新疆,克州,CN101131502
阿克陶,新疆,克州,CN101131503
阿合奇,新疆,克州,CN101131504
克州,新疆,克州,CN101131505
博乐,新疆,博尔塔拉,CN101131601
温泉,新疆,博尔塔拉,CN101131602
精河,新疆,博尔塔拉,CN101131603
博尔塔拉,新疆,博尔塔拉,CN101131604
阿拉山口,新疆,博尔塔拉,CN101131606
图木舒克,新疆,图木舒克,CN101131701
五家渠,新疆,五家渠,CN101131801
铁门关,新疆,铁门关,CN101131901
昆玉,新疆,昆玉,CN101131920
北屯,新疆,北屯,CN101132101
双河,新疆,双河,CN101132201
可克达拉,新疆,可克达拉,CN101132301
拉萨,西藏,拉萨,CN101140101
当雄,西藏,拉萨,CN101140102
尼木,西藏,拉萨,CN101140103
林周,西藏,拉萨,CN101140104
堆龙德庆,西藏,拉萨,CN101140105
曲水,西藏,拉萨,CN101140106
达孜,西藏,拉萨,CN101140107
墨竹工卡,西藏,拉萨,CN101140108
城关,西藏,拉萨,CN101140109
日喀则,西藏,日喀则,CN101140201
拉孜,西藏,日喀则,CN101140202
南木林,西藏,日喀则,CN101140203
聂拉木,西藏,日喀则,CN101140204
定日,西藏,日喀则,CN101140205
江孜,西藏,日喀则,CN101140206
帕里,西藏,日喀则,CN101140207
仲巴,西藏,日喀则,CN101140208
萨嘎,西藏,日喀则,CN101140209
吉隆,西藏,日喀则,CN101140210
昂仁,西藏,日喀则,CN101140211
定结,西藏,日喀则,CN101140212
萨迦,西藏,日喀则,CN101140213
谢通门,西藏,日喀则,CN101140214
桑珠孜,西藏,日喀则,CN101140215
岗巴,西藏,日喀则,CN101140216
白朗,西藏,日喀则,CN101140217
亚东,西藏,日喀则,CN101140218
康马,西藏,日喀则,CN101140219
仁布,西藏,日喀则,CN101140220
山南,西藏,山南,CN101140301
贡嘎,西藏,山南,CN101140302
扎囊,西藏,山南,CN101140303
加查,西藏,山南,CN101140304
浪卡子,西藏,山南,CN101140305
错那,西藏,山南,CN101140306
隆子,西藏,山南,CN101140307
泽当,西藏,山南,CN101140308
乃东,西藏,山南,CN101140309
桑日,西藏,山南,CN101140310
洛扎,西藏,山南,CN101140311
措美,西藏,山南,CN101140312
琼结,西藏,山南,CN101140313
曲松,西藏,山南,CN101140314
林芝,西藏,林芝,CN101140401
波密,西藏,林芝,CN101140402
米林,西藏,林芝,CN101140403
察隅,西藏,林芝,CN101140404
工布江达,西藏,林芝,CN101140405
朗县,西藏,林芝,CN101140406
墨脱,西藏,林芝,CN101140407
巴宜,西藏,林芝,CN101140408
昌都,西藏,昌都,CN101140501
丁青,西藏,昌都,CN101140502
边坝,西藏,昌都,CN101140503
洛隆,西藏,昌都,CN101140504
左贡,西藏,昌都,CN101140505
芒康,西藏,昌都,CN101140506
类乌齐,西藏,昌都,CN101140507
八宿,西藏,昌都,CN101140508
江达,西藏,昌都,CN101140509
察雅,西藏,昌都,CN101140510
贡觉,西藏,昌都,CN101140511
卡若,西藏,昌都,CN101140512
那曲,西藏,那曲,CN101140601
尼玛,西藏,那曲,CN101140602
嘉黎,西藏,那曲,CN101140603
班戈,西藏,那曲,CN101140604
安多,西藏,那曲,CN101140605
索县,西藏,那曲,CN101140606
聂荣,西藏,那曲,CN101140607
巴青,西藏,那曲,CN101140608
比如,西藏,那曲,CN101140609
双湖,西藏,那曲,CN101140610
申扎,西藏,那曲,CN101140611
色尼,西藏,那曲,CN101140612
阿里,西藏,阿里,CN101140701
改则,西藏,阿里,CN101140702
狮泉河,西藏,阿里,CN101140704
普兰,西藏,阿里,CN101140705
札达,西藏,阿里,CN101140706
噶尔,西藏,阿里,CN101140707
日土,西藏,阿里,CN101140708
革吉,西藏,阿里,CN101140709
措勤,西藏,阿里,CN101140710
西宁,青海,西宁,CN101150101
大通,青海,西宁,CN101150102
湟源,青海,西宁,CN101150103
湟中,青海,西宁,CN101150104
城东,青海,西宁,CN101150105
城中,青海,西宁,CN101150106
城西,青海,西宁,CN101150107
城北,青海,西宁,CN101150108
平安,青海,海东,CN101150201
乐都,青海,海东,CN101150202
民和,青海,海东,CN101150203
互助,青海,海东,CN101150204
化隆,青海,海东,CN101150205
循化,青海,海东,CN101150206
海东,青海,海东,CN101150207
同仁,青海,黄南,CN101150301
尖扎,青海,黄南,CN101150302
泽库,青海,黄南,CN101150303
河南,青海,黄南,CN101150304
黄南,青海,黄南,CN101150305
共和,青海,海南,CN101150401
海南,青海,海南,CN101150402
贵德,青海,海南,CN101150404
兴海,青海,海南,CN101150406
贵南,青海,海南,CN101150407
同德,青海,海南,CN101150408
玛沁,青海,果洛,CN101150501
班玛,青海,果洛,CN101150502
甘德,青海,果洛,CN101150503
达日,青海,果洛,CN101150504
久治,青海,果洛,CN101150505
玛多,青海,果洛,CN101150506
果洛,青海,果洛,CN101150507
玉树,青海,玉树,CN101150601
称多,青海,玉树,CN101150602
治多,青海,玉树,CN101150603
杂多,青海,玉树,CN101150604
囊谦,青海,玉树,CN101150605
曲麻莱,青海,玉树,CN101150606
德令哈,青海,海西,CN101150701
海西,青海,海西,CN101150702
天峻,青海,海西,CN101150708
乌兰,青海,海西,CN101150709
茫崖,青海,海西,CN101150712
大柴旦,青海,海西,CN101150713
格尔木,青海,海西,CN101150714
都兰,青海,海西,CN101150715
冷湖,青海,海西,CN101150716
海晏,青海,海北,CN101150801
门源,青海,海北,CN101150802
祁连,青海,海北,CN101150803
海北,青海,海北,CN101150804
刚察,青海,海北,CN101150806
兰州,甘肃,兰州,CN101160101
皋兰,甘肃,兰州,CN101160102
永登,甘肃,兰州,CN101160103
榆中,甘肃,兰州,CN101160104
城关,甘肃,兰州,CN101160105
七里河,甘肃,兰州,CN101160106
西固,甘肃,兰州,CN101160107
安宁,甘肃,兰州,CN101160108
红古,甘肃,兰州,CN101160109
定西,甘肃,定西,CN101160201
通渭,甘肃,定西,CN101160202
陇西,甘肃,定西,CN101160203
渭源,甘肃,定西,CN101160204
临洮,甘肃,定西,CN101160205
漳县,甘肃,定西,CN101160206
岷县,甘肃,定西,CN101160207
安定,甘肃,定西,CN101160208
平凉,甘肃,平凉,CN101160301
泾川,甘肃,平凉,CN101160302
灵台,甘肃,平凉,CN101160303
崇信,甘肃,平凉,CN101160304
华亭,甘肃,平凉,CN101160305
庄浪,甘肃,平凉,CN101160306
静宁,甘肃,平凉,CN101160307
崆峒,甘肃,平凉,CN101160308
庆阳,甘肃,庆阳,CN101160401
西峰,甘肃,庆阳,CN101160402
环县,甘肃,庆阳,CN101160403
华池,甘肃,庆阳,CN101160404
合水,甘肃,庆阳,CN101160405
正宁,甘肃,庆阳,CN101160406
宁县,甘肃,庆阳,CN101160407
镇原,甘肃,庆阳,CN101160408
庆城,甘肃,庆阳,CN101160409
武威,甘肃,武威,CN101160501
民勤,甘肃,武威,CN101160502
古浪,甘肃,武威,CN101160503
凉州,甘肃,武威,CN101160504
天祝,甘肃,武威,CN101160505
金昌,甘肃,金昌,CN101160601
永昌,甘肃,金昌,CN101160602
金川,甘肃,金昌,CN101160603
张掖,甘肃,张掖,CN101160701
肃南,甘肃,张掖,CN101160702
民乐,甘肃,张掖,CN101160703
临泽,甘肃,张掖,CN101160704
高台,甘肃,张掖,CN101160705
山丹,甘肃,张掖,CN101160706
甘州,甘肃,张掖,CN101160707
酒泉,甘肃,酒泉,CN101160801
肃州,甘肃,酒泉,CN101160802
金塔,甘肃,酒泉,CN101160803
阿克塞,甘肃,酒泉,CN101160804
瓜州,甘肃,酒泉,CN101160805
肃北,甘肃,酒泉,CN101160806
玉门,甘肃,酒泉,CN101160807
敦煌,甘肃,酒泉,CN101160808
天水,甘肃,天水,CN101160901
秦州,甘肃,天水,CN101160902
清水,甘肃,天水,CN101160903
秦安,甘肃,天水,CN101160904
甘谷,甘肃,天水,CN101160905
武山,甘肃,天水,CN101160906
张家川,甘肃,天水,CN101160907
麦积,甘肃,天水,CN101160908
武都,甘肃,陇南,CN101161001
成县,甘肃,陇南,CN101161002
文县,甘肃,陇南,CN101161003
宕昌,甘肃,陇南,CN101161004
康县,甘肃,陇南,CN101161005
西和,甘肃,陇南,CN101161006
礼县,甘肃,陇南,CN101161007
徽县,甘肃,陇南,CN101161008
两当,甘肃,陇南,CN101161009
陇南,甘肃,陇南,CN101161010
临夏,甘肃,临夏,CN101161101
康乐,甘肃,临夏,CN101161102
永靖,甘肃,临夏,CN101161103
广河,甘肃,临夏,CN101161104
和政,甘肃,临夏,CN101161105
东乡,甘肃,临夏,CN101161106
积石山,甘肃,临夏,CN101161107
合作,甘肃,甘南,CN101161201
临潭,甘肃,甘南,CN101161202
卓尼,甘肃,甘南,CN101161203
舟曲,甘肃,甘南,CN101161204
迭部,甘肃,甘南,CN101161205
玛曲,甘肃,甘南,CN101161206
碌曲,甘肃,甘南,CN101161207
夏河,甘肃,甘南,CN101161208
甘南,甘肃,甘南,CN101161209
白银,甘肃,白银,CN101161301
靖远,甘肃,白银,CN101161302
会宁,甘肃,白银,CN101161303
平川,甘肃,白银,CN101161304
景泰,甘肃,白银,CN101161305
嘉峪关,甘肃,嘉峪关,CN101161401
银川,宁夏,银川,CN101170101
永宁,宁夏,银川,CN101170102
灵武,宁夏,银川,CN101170103
贺兰,宁夏,银川,CN101170104
兴庆,宁夏,银川,CN101170105
西夏,宁夏,银川,CN101170106
金凤,宁夏,银川,CN101170107
石嘴山,宁夏,石嘴山,CN101170201
惠农,宁夏,石嘴山,CN101170202
平罗,宁夏,石嘴山,CN101170203
陶乐,宁夏,石嘴山,CN101170204
大武口,宁夏,石嘴山,CN101170205
吴忠,宁夏,吴忠,CN101170301
同心,宁夏,吴忠,CN101170302
盐池,宁夏,吴忠,CN101170303
利通,宁夏,吴忠,CN101170304
红寺堡,宁夏,吴忠,CN101170305
青铜峡,宁夏,吴忠,CN101170306
固原,宁夏,固原,CN101170401
西吉,宁夏,固原,CN101170402
隆德,宁夏,固原,CN101170403
泾源,宁夏,固原,CN101170404
原州,宁夏,固原,CN101170405
彭阳,宁夏,固原,CN101170406
中卫,宁夏,中卫,CN101170501
中宁,宁夏,中卫,CN101170502
沙坡头,宁夏,中卫,CN101170503
海原,宁夏,中卫,CN101170504
郑州,河南,郑州,CN101180101
巩义,河南,郑州,CN101180102
荥阳,河南,郑州,CN101180103
登封,河南,郑州,CN101180104
新密,河南,郑州,CN101180105
新郑,河南,郑州,CN101180106
中牟,河南,郑州,CN101180107
上街,河南,郑州,CN101180108
中原,河南,郑州,CN101180109
二七,河南,郑州,CN101180110
管城,河南,郑州,CN101180111
金水,河南,郑州,CN101180112
惠济,河南,郑州,CN101180113
安阳,河南,安阳,CN101180201
汤阴,河南,安阳,CN101180202
滑县,河南,安阳,CN101180203
内黄,河南,安阳,CN101180204
林州,河南,安阳,CN101180205
文峰,河南,安阳,CN101180206
北关,河南,安阳,CN101180207
殷都,河南,安阳,CN101180208
龙安,河南,安阳,CN101180209
新乡,河南,新乡,CN101180301
获嘉,河南,新乡,CN101180302
原阳,河南,新乡,CN101180303
辉县,河南,新乡,CN101180304
卫辉,河南,新乡,CN101180305
延津,河南,新乡,CN101180306
封丘,河南,新乡,CN101180307
长垣,河南,新乡,CN101180308
红旗,河南,新乡,CN101180309
卫滨,河南,新乡,CN101180310
凤泉,河南,新乡,CN101180311
牧野,河南,新乡,CN101180312
许昌,河南,许昌,CN101180401
鄢陵,河南,许昌,CN101180402
襄城,河南,许昌,CN101180403
长葛,河南,许昌,CN101180404
禹州,河南,许昌,CN101180405
魏都,河南,许昌,CN101180406
建安,河南,许昌,CN101180407
平顶山,河南,平顶山,CN101180501
郏县,河南,平顶山,CN101180502
宝丰,河南,平顶山,CN101180503
汝州,河南,平顶山,CN101180504
叶县,河南,平顶山,CN101180505
舞钢,河南,平顶山,CN101180506
鲁山,河南,平顶山,CN101180507
石龙,河南,平顶山,CN101180508
新华,河南,平顶山,CN101180509
卫东,河南,平顶山,CN101180510
湛河,河南,平顶山,CN101180511
信阳,河南,信阳,CN101180601
息县,河南,信阳,CN101180602
罗山,河南,信阳,CN101180603
光山,河南,信阳,CN101180604
新县,河南,信阳,CN101180605
淮滨,河南,信阳,CN101180606
潢川,河南,信阳,CN101180607
固始,河南,信阳,CN101180608
商城,河南,信阳,CN101180609
浉河,河南,信阳,CN101180610
平桥,河南,信阳,CN101180611
南阳,河南,南阳,CN101180701
南召,河南,南阳,CN101180702
方城,河南,南阳,CN101180703
社旗,河南,南阳,CN101180704
西峡,河南,南阳,CN101180705
内乡,河南,南阳,CN101180706
镇平,河南,南阳,CN101180707
淅川,河南,南阳,CN101180708
新野,河南,南阳,CN101180709
唐河,河南,南阳,CN101180710
邓州,河南,南阳,CN101180711
桐柏,河南,南阳,CN101180712
宛城,河南,南阳,CN101180713
卧龙,河南,南阳,CN101180714
开封,河南,开封,CN101180801
杞县,河南,开封,CN101180802
尉氏,河南,开封,CN101180803
通许,河南,开封,CN101180804
兰考,河南,开封,CN101180805
龙亭,河南,开封,CN101180806
顺河,河南,开封,CN101180807
鼓楼,河南,开封,CN101180808
禹王台,河南,开封,CN101180809
祥符,河南,开封,CN101180810
洛阳,河南,洛阳,CN101180901
新安,河南,洛阳,CN101180902
孟津,河南,洛阳,CN101180903
宜阳,河南,洛阳,CN101180904
洛宁,河南,洛阳,CN101180905
伊川,河南,洛阳,CN101180906
嵩县,河南,洛阳,CN101180907
偃师,河南,洛阳,CN101180908
栾川,河南,洛阳,CN101180909
汝阳,河南,洛阳,CN101180910
吉利,河南,洛阳,CN101180911
老城,河南,洛阳,CN101180912
西工,河南,洛阳,CN101180913
瀍河,河南,洛阳,CN101180914
涧西,河南,洛阳,CN101180915
洛龙,河南,洛阳,CN101180916
商丘,河南,商丘,CN101181001
梁园,河南,商丘,CN101181002
睢县,河南,商丘,CN101181003
民权,河南,商丘,CN101181004
虞城,河南,商丘,CN101181005
柘城,河南,商丘,CN101181006
宁陵,河南,商丘,CN101181007
夏邑,河南,商丘,CN101181008
永城,河南,商丘,CN101181009
睢阳,河南,商丘,CN101181010
焦作,河南,焦作,CN101181101
修武,河南,焦作,CN101181102
武陟,河南,焦作,CN101181103
沁阳,河南,焦作,CN101181104
解放,河南,焦作,CN101181105
博爱,河南,焦作,CN101181106
温县,河南,焦作,CN101181107
孟州,河南,焦作,CN101181108
中站,河南,焦作,CN101181109
马村,河南,焦作,CN101181110
山阳,河南,焦作,CN101181111
鹤壁,河南,鹤壁,CN101181201
浚县,河南,鹤壁,CN101181202
淇县,河南,鹤壁,CN101181203
鹤山,河南,鹤壁,CN101181204
山城,河南,鹤壁,CN101181205
淇滨,河南,鹤壁,CN101181206
濮阳,河南,濮阳,CN101181301
台前,河南,濮阳,CN101181302
南乐,河南,濮阳,CN101181303
清丰,河南,濮阳,CN101181304
范县,河南,濮阳,CN101181305
华龙,河南,濮阳,CN101181306
周口,河南,周口,CN101181401
扶沟,河南,周口,CN101181402
太康,河南,周口,CN101181403
淮阳,河南,周口,CN101181404
西华,河南,周口,CN101181405
商水,河南,周口,CN101181406
项城,河南,周口,CN101181407
郸城,河南,周口,CN101181408
鹿邑,河南,周口,CN101181409
沈丘,河南,周口,CN101181410
川汇,河南,周口,CN101181411
漯河,河南,漯河,CN101181501
临颍,河南,漯河,CN101181502
舞阳,河南,漯河,CN101181503
源汇,河南,漯河,CN101181504
郾城,河南,漯河,CN101181505
召陵,河南,漯河,CN101181506
驻马店,河南,驻马店,CN101181601
西平,河南,驻马店,CN101181602
遂平,河南,驻马店,CN101181603
上蔡,河南,驻马店,CN101181604
汝南,河南,驻马店,CN101181605
泌阳,河南,驻马店,CN101181606
平舆,河南,驻马店,CN101181607
新蔡,河南,驻马店,CN101181608
确山,河南,驻马店,CN101181609
正阳,河南,驻马店,CN101181610
驿城,河南,驻马店,CN101181611
三门峡,河南,三门峡,CN101181701
灵宝,河南,三门峡,CN101181702
渑池,河南,三门峡,CN101181703
卢氏,河南,三门峡,CN101181704
义马,河南,三门峡,CN101181705
湖滨,河南,三门峡,CN101181707
陕州,河南,三门峡,CN101181708
济源,河南,济源,CN101181801
南京,江苏,南京,CN101190101
溧水,江苏,南京,CN101190102
高淳,江苏,南京,CN101190103
江宁,江苏,南京,CN101190104
六合,江苏,南京,CN101190105
浦口,江苏,南京,CN101190107
玄武,江苏,南京,CN101190108
秦淮,江苏,南京,CN101190109
建邺,江苏,南京,CN101190110
鼓楼,江苏,南京,CN101190111
栖霞,江苏,南京,CN101190112
雨花台,江苏,南京,CN101190113
无锡,江苏,无锡,CN101190201
江阴,江苏,无锡,CN101190202
宜兴,江苏,无锡,CN101190203
锡山,江苏,无锡,CN101190204
惠山,江苏,无锡,CN101190205
滨湖,江苏,无锡,CN101190206
梁溪,江苏,无锡,CN101190207
新吴,江苏,无锡,CN101190208
镇江,江苏,镇江,CN101190301
丹阳,江苏,镇江,CN101190302
扬中,江苏,镇江,CN101190303
句容,江苏,镇江,CN101190304
丹徒,江苏,镇江,CN101190305
京口,江苏,镇江,CN101190306
润州,江苏,镇江,CN101190307
苏州,江苏,苏州,CN101190401
常熟,江苏,苏州,CN101190402
张家港,江苏,苏州,CN101190403
昆山,江苏,苏州,CN101190404
吴中,江苏,苏州,CN101190405
虎丘,江苏,苏州,CN101190406
吴江,江苏,苏州,CN101190407
太仓,江苏,苏州,CN101190408
相城,江苏,苏州,CN101190409
姑苏,江苏,苏州,CN101190410
南通,江苏,南通,CN101190501
海安,江苏,南通,CN101190502
如皋,江苏,南通,CN101190503
如东,江苏,南通,CN101190504
崇川,江苏,南通,CN101190505
港闸,江苏,南通,CN101190506
启东,江苏,南通,CN101190507
海门,江苏,南通,CN101190508
通州,江苏,南通,CN101190509
扬州,江苏,扬州,CN101190601
宝应,江苏,扬州,CN101190602
仪征,江苏,扬州,CN101190603
高邮,江苏,扬州,CN101190604
江都,江苏,扬州,CN101190605
邗江,江苏,扬州,CN101190606
广陵,江苏,扬州,CN101190607
盐城,江苏,盐城,CN101190701
响水,江苏,盐城,CN101190702
滨海,江苏,盐城,CN101190703
阜宁,江苏,盐城,CN101190704
射阳,江苏,盐城,CN101190705
建湖,江苏,盐城,CN101190706
东台,江苏,盐城,CN101190707
大丰,江苏,盐城,CN101190708
盐都,江苏,盐城,CN101190709
亭湖,江苏,盐城,CN101190710
徐州,江苏,徐州,CN101190801
铜山,江苏,徐州,CN101190802
丰县,江苏,徐州,CN101190803
沛县,江苏,徐州,CN101190804
邳州,江苏,徐州,CN101190805
睢宁,江苏,徐州,CN101190806
新沂,江苏,徐州,CN101190807
鼓楼,江苏,徐州,CN101190808
云龙,江苏,徐州,CN101190809
贾汪,江苏,徐州,CN101190810
泉山,江苏,徐州,CN101190811
淮安,江苏,淮安,CN101190901
金湖,江苏,淮安,CN101190902
盱眙,江苏,淮安,CN101190903
洪泽,江苏,淮安,CN101190904
涟水,江苏,淮安,CN101190905
淮阴区,江苏,淮安,CN101190906
清江浦,江苏,淮安,CN101190907
淮安区,江苏,淮安,CN101190908
连云港,江苏,连云港,CN101191001
东海,江苏,连云港,CN101191002
赣榆,江苏,连云港,CN101191003
灌云,江苏,连云港,CN101191004
灌南,江苏,连云港,CN101191005
海州,江苏,连云港,CN101191006
连云,江苏,连云港,CN101191007
常州,江苏,常州,CN101191101
溧阳,江苏,常州,CN101191102
金坛,江苏,常州,CN101191103
武进,江苏,常州,CN101191104
天宁,江苏,常州,CN101191105
钟楼,江苏,常州,CN101191106
新北,江苏,常州,CN101191107
泰州,江苏,泰州,CN101191201
兴化,江苏,泰州,CN101191202
泰兴,江苏,泰州,CN101191203
姜堰,江苏,泰州,CN101191204
靖江,江苏,泰州,CN101191205
海陵,江苏,泰州,CN101191206
高港,江苏,泰州,CN101191207
宿迁,江苏,宿迁,CN101191301
沭阳,江苏,宿迁,CN101191302
泗阳,江苏,宿迁,CN101191303
泗洪,江苏,宿迁,CN101191304
宿豫,江苏,宿迁,CN101191305
宿城,江苏,宿迁,CN101191306
武汉,湖北,武汉,CN101200101
蔡甸,湖北,武汉,CN101200102
黄陂,湖北,武汉,CN101200103
新洲,湖北,武汉,CN101200104
江夏,湖北,武汉,CN101200105
东西湖,湖北,武汉,CN101200106
江岸,湖北,武汉,CN101200107
江汉,湖北,武汉,CN101200108
硚口,湖北,武汉,CN101200109
汉阳,湖北,武汉,CN101200110
武昌,湖北,武汉,CN101200111
青山,湖北,武汉,CN101200112
洪山,湖北,武汉,CN101200113
汉南,湖北,武汉,CN101200114
襄阳,湖北,襄阳,CN101200201
襄州,湖北,襄阳,CN101200202
保康,湖北,襄阳,CN101200203
南漳,湖北,襄阳,CN101200204
宜城,湖北,襄阳,CN101200205
老河口,湖北,襄阳,CN101200206
谷城,湖北,襄阳,CN101200207
枣阳,湖北,襄阳,CN101200208
襄城,湖北,襄阳,CN101200209
樊城,湖北,襄阳,CN101200210
鄂州,湖北,鄂州,CN101200301
梁子湖,湖北,鄂州,CN101200302
华容,湖北,鄂州,CN101200303
鄂城,湖北,鄂州,CN101200304
孝感,湖北,孝感,CN101200401
安陆,湖北,孝感,CN101200402
云梦,湖北,孝感,CN101200403
大悟,湖北,孝感,CN101200404
应城,湖北,孝感,CN101200405
汉川,湖北,孝感,CN101200406
孝昌,湖北,孝感,CN101200407
孝南,湖北,孝感,CN101200408
黄冈,湖北,黄冈,CN101200501
红安,湖北,黄冈,CN101200502
麻城,湖北,黄冈,CN101200503
罗田,湖北,黄冈,CN101200504
英山,湖北,黄冈,CN101200505
浠水,湖北,黄冈,CN101200506
蕲春,湖北,黄冈,CN101200507
黄梅,湖北,黄冈,CN101200508
武穴,湖北,黄冈,CN101200509
团风,湖北,黄冈,CN101200510
黄州,湖北,黄冈,CN101200511
黄石,湖北,黄石,CN101200601
大冶,湖北,黄石,CN101200602
阳新,湖北,黄石,CN101200603
铁山,湖北,黄石,CN101200604
下陆,湖北,黄石,CN101200605
西塞山,湖北,黄石,CN101200606
黄石港,湖北,黄石,CN101200607
咸宁,湖北,咸宁,CN101200701
赤壁,湖北,咸宁,CN101200702
嘉鱼,湖北,咸宁,CN101200703
崇阳,湖北,咸宁,CN101200704
通城,湖北,咸宁,CN101200705
通山,湖北,咸宁,CN101200706
咸安,湖北,咸宁,CN101200707
荆州,湖北,荆州,CN101200801
江陵,湖北,荆州,CN101200802
公安,湖北,荆州,CN101200803
石首,湖北,荆州,CN101200804
监利,湖北,荆州,CN101200805
洪湖,湖北,荆州,CN101200806
松滋,湖北,荆州,CN101200807
沙市,湖北,荆州,CN101200808
宜昌,湖北,宜昌,CN101200901
远安,湖北,宜昌,CN101200902
秭归,湖北,宜昌,CN101200903
兴山,湖北,宜昌,CN101200904
西陵,湖北,宜昌,CN101200905
五峰,湖北,宜昌,CN101200906
当阳,湖北,宜昌,CN101200907
长阳,湖北,宜昌,CN101200908
宜都,湖北,宜昌,CN101200909
枝江,湖北,宜昌,CN101200910
三峡,湖北,宜昌,CN101200911
夷陵,湖北,宜昌,CN101200912
伍家岗,湖北,宜昌,CN101200913
点军,湖北,宜昌,CN101200914
猇亭,湖北,宜昌,CN101200915
恩施,湖北,恩施,CN101201001
利川,湖北,恩施,CN101201002
建始,湖北,恩施,CN101201003
咸丰,湖北,恩施,CN101201004
宣恩,湖北,恩施,CN101201005
鹤峰,湖北,恩施,CN101201006
来凤,湖北,恩施,CN101201007
巴东,湖北,恩施,CN101201008
十堰,湖北,十堰,CN101201101
竹溪,湖北,十堰,CN101201102
郧西,湖北,十堰,CN101201103
郧阳,湖北,十堰,CN101201104
竹山,湖北,十堰,CN101201105
房县,湖北,十堰,CN101201106
丹江口,湖北,十堰,CN101201107
茅箭,湖北,十堰,CN101201108
张湾,湖北,十堰,CN101201109
神农架,湖北,神农架,CN101201201
随州,湖北,随州,CN101201301
广水,湖北,随州,CN101201302
曾都,湖北,随州,CN101201303
随县,湖北,随州,CN101201304
荆门,湖北,荆门,CN101201401
钟祥,湖北,荆门,CN101201402
京山,湖北,荆门,CN101201403
掇刀,湖北,荆门,CN101201404
沙洋,湖北,荆门,CN101201405
东宝,湖北,荆门,CN101201406
天门,湖北,天门,CN101201501
仙桃,湖北,仙桃,CN101201601
潜江,湖北,潜江,CN101201701
杭州,浙江,杭州,CN101210101
萧山,浙江,杭州,CN101210102
桐庐,浙江,杭州,CN101210103
淳安,浙江,杭州,CN101210104
建德,浙江,杭州,CN101210105
余杭,浙江,杭州,CN101210106
临安,浙江,杭州,CN101210107
富阳,浙江,杭州,CN101210108
上城,浙江,杭州,CN101210109
下城,浙江,杭州,CN101210110
江干,浙江,杭州,CN101210111
拱墅,浙江,杭州,CN101210112
西湖,浙江,杭州,CN101210113
滨江,浙江,杭州,CN101210114
湖州,浙江,湖州,CN101210201
长兴,浙江,湖州,CN101210202
安吉,浙江,湖州,CN101210203
德清,浙江,湖州,CN101210204
吴兴,浙江,湖州,CN101210205
南浔,浙江,湖州,CN101210206
嘉兴,浙江,嘉兴,CN101210301
嘉善,浙江,嘉兴,CN101210302
海宁,浙江,嘉兴,CN101210303
桐乡,浙江,嘉兴,CN101210304
平湖,浙江,嘉兴,CN101210305
海盐,浙江,嘉兴,CN101210306
南湖,浙江,嘉兴,CN101210307
秀洲,浙江,嘉兴,CN101210308
宁波,浙江,宁波,CN101210401
海曙,浙江,宁波,CN101210402
慈溪,浙江,宁波,CN101210403
余姚,浙江,宁波,CN101210404
奉化,浙江,宁波,CN101210405
象山,浙江,宁波,CN101210406
宁海,浙江,宁波,CN101210408
江北,浙江,宁波,CN101210409
北仑,浙江,宁波,CN101210410
鄞州,浙江,宁波,CN101210411
镇海,浙江,宁波,CN101210412
越城,浙江,绍兴,CN101210501
诸暨,浙江,绍兴,CN101210502
上虞,浙江,绍兴,CN101210503
新昌,浙江,绍兴,CN101210504
嵊州,浙江,绍兴,CN101210505
柯桥,浙江,绍兴,CN101210506
绍兴,浙江,绍兴,CN101210507
台州,浙江,台州,CN101210601
玉环,浙江,台州,CN101210603
三门,浙江,台州,CN101210604
天台,浙江,台州,CN101210605
仙居,浙江,台州,CN101210606
温岭,浙江,台州,CN101210607
临海,浙江,台州,CN101210610
椒江,浙江,台州,CN101210611
黄岩,浙江,台州,CN101210612
路桥,浙江,台州,CN101210613
温州,浙江,温州,CN101210701
泰顺,浙江,温州,CN101210702
文成,浙江,温州,CN101210703
平阳,浙江,温州,CN101210704
瑞安,浙江,温州,CN101210705
洞头,浙江,温州,CN101210706
乐清,浙江,温州,CN101210707
永嘉,浙江,温州,CN101210708
苍南,浙江,温州,CN101210709
鹿城,浙江,温州,CN101210710
龙湾,浙江,温州,CN101210711
瓯海,浙江,温州,CN101210712
丽水,浙江,丽水,CN101210801
遂昌,浙江,丽水,CN101210802
龙泉,浙江,丽水,CN101210803
缙云,浙江,丽水,CN101210804
青田,浙江,丽水,CN101210805
云和,浙江,丽水,CN101210806
庆元,浙江,丽水,CN101210807
松阳,浙江,丽水,CN101210808
景宁,浙江,丽水,CN101210809
莲都,浙江,丽水,CN101210810
金华,浙江,金华,CN101210901
浦江,浙江,金华,CN101210902
兰溪,浙江,金华,CN101210903
义乌,浙江,金华,CN101210904
东阳,浙江,金华,CN101210905
武义,浙江,金华,CN101210906
永康,浙江,金华,CN101210907
磐安,浙江,金华,CN101210908
婺城,浙江,金华,CN101210909
金东,浙江,金华,CN101210910
衢州,浙江,衢州,CN101211001
常山,浙江,衢州,CN101211002
开化,浙江,衢州,CN101211003
龙游,浙江,衢州,CN101211004
江山,浙江,衢州,CN101211005
衢江,浙江,衢州,CN101211006
柯城,浙江,衢州,CN101211007
舟山,浙江,舟山,CN101211101
嵊泗,浙江,舟山,CN101211102
岱山,浙江,舟山,CN101211104
普陀,浙江,舟山,CN101211105
定海,浙江,舟山,CN101211106
合肥,安徽,合肥,CN101220101
长丰,安徽,合肥,CN101220102
肥东,安徽,合肥,CN101220103
肥西,安徽,合肥,CN101220104
巢湖,安徽,合肥,CN101220105
庐江,安徽,合肥,CN101220106
瑶海,安徽,合肥,CN101220107
庐阳,安徽,合肥,CN101220108
蜀山,安徽,合肥,CN101220109
包河,安徽,合肥,CN101220110
蚌埠,安徽,蚌埠,CN101220201
怀远,安徽,蚌埠,CN101220202
固镇,安徽,蚌埠,CN101220203
五河,安徽,蚌埠,CN101220204
龙子湖,安徽,蚌埠,CN101220205
蚌山,安徽,蚌埠,CN101220206
禹会,安徽,蚌埠,CN101220207
淮上,安徽,蚌埠,CN101220208
芜湖,安徽,芜湖,CN101220301
繁昌,安徽,芜湖,CN101220302
芜湖县,安徽,芜湖,CN101220303
南陵,安徽,芜湖,CN101220304
无为,安徽,芜湖,CN101220305
镜湖,安徽,芜湖,CN101220306
弋江,安徽,芜湖,CN101220307
鸠江,安徽,芜湖,CN101220308
三山,安徽,芜湖,CN101220309
淮南,安徽,淮南,CN101220401
凤台,安徽,淮南,CN101220402
潘集,安徽,淮南,CN101220403
大通,安徽,淮南,CN101220404
田家庵,安徽,淮南,CN101220405
谢家集,安徽,淮南,CN101220406
八公山,安徽,淮南,CN101220407
寿县,安徽,淮南,CN101220408
马鞍山,安徽,马鞍山,CN101220501
当涂,安徽,马鞍山,CN101220502
含山,安徽,马鞍山,CN101220503
和县,安徽,马鞍山,CN101220504
花山,安徽,马鞍山,CN101220505
雨山,安徽,马鞍山,CN101220506
博望,安徽,马鞍山,CN101220507
安庆,安徽,安庆,CN101220601
太湖,安徽,安庆,CN101220603
潜山,安徽,安庆,CN101220604
怀宁,安徽,安庆,CN101220605
宿松,安徽,安庆,CN101220606
望江,安徽,安庆,CN101220607
岳西,安徽,安庆,CN101220608
桐城,安徽,安庆,CN101220609
迎江,安徽,安庆,CN101220610
大观,安徽,安庆,CN101220611
宜秀,安徽,安庆,CN101220612
宿州,安徽,宿州,CN101220701
砀山,安徽,宿州,CN101220702
灵璧,安徽,宿州,CN101220703
泗县,安徽,宿州,CN101220704
萧县,安徽,宿州,CN101220705
埇桥,安徽,宿州,CN101220706
阜阳,安徽,阜阳,CN101220801
阜南,安徽,阜阳,CN101220802
颍上,安徽,阜阳,CN101220803
临泉,安徽,阜阳,CN101220804
界首,安徽,阜阳,CN101220805
太和,安徽,阜阳,CN101220806
颍州,安徽,阜阳,CN101220807
颍东,安徽,阜阳,CN101220808
颍泉,安徽,阜阳,CN101220809
亳州,安徽,亳州,CN101220901
涡阳,安徽,亳州,CN101220902
利辛,安徽,亳州,CN101220903
蒙城,安徽,亳州,CN101220904
谯城,安徽,亳州,CN101220905
黄山,安徽,黄山,CN101221001
黄山区,安徽,黄山,CN101221002
屯溪,安徽,黄山,CN101221003
祁门,安徽,黄山,CN101221004
黟县,安徽,黄山,CN101221005
歙县,安徽,黄山,CN101221006
休宁,安徽,黄山,CN101221007
黄山风景区(光明顶),安徽,黄山,CN101221008
徽州,安徽,黄山,CN101221009
滁州,安徽,滁州,CN101221101
凤阳,安徽,滁州,CN101221102
明光,安徽,滁州,CN101221103
定远,安徽,滁州,CN101221104
全椒,安徽,滁州,CN101221105
来安,安徽,滁州,CN101221106
天长,安徽,滁州,CN101221107
琅琊,安徽,滁州,CN101221108
南谯,安徽,滁州,CN101221109
淮北,安徽,淮北,CN101221201
濉溪,安徽,淮北,CN101221202
杜集,安徽,淮北,CN101221203
相山,安徽,淮北,CN101221204
烈山,安徽,淮北,CN101221205
铜陵,安徽,铜陵,CN101221301
铜官,安徽,铜陵,CN101221302
义安,安徽,铜陵,CN101221303
郊区,安徽,铜陵,CN101221304
枞阳,安徽,铜陵,CN101221305
宣城,安徽,宣城,CN101221401
泾县,安徽,宣城,CN101221402
旌德,安徽,宣城,CN101221403
宁国,安徽,宣城,CN101221404
绩溪,安徽,宣城,CN101221405
广德,安徽,宣城,CN101221406
郎溪,安徽,宣城,CN101221407
宣州,安徽,宣城,CN101221408
六安,安徽,六安,CN101221501
霍邱,安徽,六安,CN101221502
金安,安徽,六安,CN101221504
金寨,安徽,六安,CN101221505
霍山,安徽,六安,CN101221506
舒城,安徽,六安,CN101221507
裕安,安徽,六安,CN101221508
叶集,安徽,六安,CN101221509
池州,安徽,池州,CN101221701
东至,安徽,池州,CN101221702
青阳,安徽,池州,CN101221703
九华山,安徽,池州,CN101221704
石台,安徽,池州,CN101221705
贵池,安徽,池州,CN101221706
福州,福建,福州,CN101230101
闽清,福建,福州,CN101230102
闽侯,福建,福州,CN101230103
罗源,福建,福州,CN101230104
连江,福建,福州,CN101230105
鼓楼,福建,福州,CN101230106
永泰,福建,福州,CN101230107
平潭,福建,福州,CN101230108
台江,福建,福州,CN101230109
长乐,福建,福州,CN101230110
福清,福建,福州,CN101230111
仓山,福建,福州,CN101230112
马尾,福建,福州,CN101230113
晋安,福建,福州,CN101230114
厦门,福建,厦门,CN101230201
同安,福建,厦门,CN101230202
思明,福建,厦门,CN101230203
海沧,福建,厦门,CN101230204
湖里,福建,厦门,CN101230205
集美,福建,厦门,CN101230206
翔安,福建,厦门,CN101230207
宁德,福建,宁德,CN101230301
古田,福建,宁德,CN101230302
霞浦,福建,宁德,CN101230303
寿宁,福建,宁德,CN101230304
周宁,福建,宁德,CN101230305
福安,福建,宁德,CN101230306
柘荣,福建,宁德,CN101230307
福鼎,福建,宁德,CN101230308
屏南,福建,宁德,CN101230309
蕉城,福建,宁德,CN101230310
莆田,福建,莆田,CN101230401
仙游,福建,莆田,CN101230402
涵江,福建,莆田,CN101230404
秀屿,福建,莆田,CN101230405
荔城,福建,莆田,CN101230406
城厢,福建,莆田,CN101230407
泉州,福建,泉州,CN101230501
安溪,福建,泉州,CN101230502
金门,福建,泉州,CN101230503
永春,福建,泉州,CN101230504
德化,福建,泉州,CN101230505
南安,福建,泉州,CN101230506
崇武,福建,泉州,CN101230507
惠安,福建,泉州,CN101230508
晋江,福建,泉州,CN101230509
石狮,福建,泉州,CN101230510
鲤城,福建,泉州,CN101230511
丰泽,福建,泉州,CN101230512
洛江,福建,泉州,CN101230513
泉港,福建,泉州,CN101230514
漳州,福建,漳州,CN101230601
长泰,福建,漳州,CN101230602
南靖,福建,漳州,CN101230603
平和,福建,漳州,CN101230604
龙海,福建,漳州,CN101230605
漳浦,福建,漳州,CN101230606
诏安,福建,漳州,CN101230607
东山,福建,漳州,CN101230608
云霄,福建,漳州,CN101230609
华安,福建,漳州,CN101230610
芗城,福建,漳州,CN101230611
龙文,福建,漳州,CN101230612
龙岩,福建,龙岩,CN101230701
长汀,福建,龙岩,CN101230702
连城,福建,龙岩,CN101230703
武平,福建,龙岩,CN101230704
上杭,福建,龙岩,CN101230705
永定,福建,龙岩,CN101230706
漳平,福建,龙岩,CN101230707
新罗,福建,龙岩,CN101230708
三明,福建,三明,CN101230801
宁化,福建,三明,CN101230802
清流,福建,三明,CN101230803
泰宁,福建,三明,CN101230804
将乐,福建,三明,CN101230805
建宁,福建,三明,CN101230806
明溪,福建,三明,CN101230807
沙县,福建,三明,CN101230808
尤溪,福建,三明,CN101230809
永安,福建,三明,CN101230810
大田,福建,三明,CN101230811
梅列,福建,三明,CN101230812
三元,福建,三明,CN101230813
南平,福建,南平,CN101230901
顺昌,福建,南平,CN101230902
光泽,福建,南平,CN101230903
邵武,福建,南平,CN101230904
武夷山,福建,南平,CN101230905
浦城,福建,南平,CN101230906
建阳,福建,南平,CN101230907
松溪,福建,南平,CN101230908
政和,福建,南平,CN101230909
建瓯,福建,南平,CN101230910
延平,福建,南平,CN101230911
钓鱼岛,福建,钓鱼岛,CN101231001
南昌,江西,南昌,CN101240101
新建,江西,南昌,CN101240102
南昌县,江西,南昌,CN101240103
安义,江西,南昌,CN101240104
进贤,江西,南昌,CN101240105
东湖,江西,南昌,CN101240106
西湖,江西,南昌,CN101240107
青云谱,江西,南昌,CN101240108
湾里,江西,南昌,CN101240109
青山湖,江西,南昌,CN101240110
九江,江西,九江,CN101240201
瑞昌,江西,九江,CN101240202
庐山,江西,九江,CN101240203
武宁,江西,九江,CN101240204
德安,江西,九江,CN101240205
永修,江西,九江,CN101240206
湖口,江西,九江,CN101240207
彭泽,江西,九江,CN101240208
都昌,江西,九江,CN101240210
浔阳,江西,九江,CN101240211
修水,江西,九江,CN101240212
共青城,江西,九江,CN101240213
濂溪,江西,九江,CN101240214
柴桑,江西,九江,CN101240215
上饶,江西,上饶,CN101240301
鄱阳,江西,上饶,CN101240302
婺源,江西,上饶,CN101240303
信州,江西,上饶,CN101240304
余干,江西,上饶,CN101240305
万年,江西,上饶,CN101240306
德兴,江西,上饶,CN101240307
上饶县,江西,上饶,CN101240308
弋阳,江西,上饶,CN101240309
横峰,江西,上饶,CN101240310
铅山,江西,上饶,CN101240311
玉山,江西,上饶,CN101240312
广丰,江西,上饶,CN101240313
抚州,江西,抚州,CN101240401
广昌,江西,抚州,CN101240402
乐安,江西,抚州,CN101240403
崇仁,江西,抚州,CN101240404
金溪,江西,抚州,CN101240405
资溪,江西,抚州,CN101240406
宜黄,江西,抚州,CN101240407
南城,江西,抚州,CN101240408
南丰,江西,抚州,CN101240409
黎川,江西,抚州,CN101240410
东乡,江西,抚州,CN101240411
临川,江西,抚州,CN101240412
宜春,江西,宜春,CN101240501
铜鼓,江西,宜春,CN101240502
宜丰,江西,宜春,CN101240503
万载,江西,宜春,CN101240504
上高,江西,宜春,CN101240505
靖安,江西,宜春,CN101240506
奉新,江西,宜春,CN101240507
高安,江西,宜春,CN101240508
樟树,江西,宜春,CN101240509
丰城,江西,宜春,CN101240510
袁州,江西,宜春,CN101240511
吉安,江西,吉安,CN101240601
吉安县,江西,吉安,CN101240602
吉水,江西,吉安,CN101240603
新干,江西,吉安,CN101240604
峡江,江西,吉安,CN101240605
永丰,江西,吉安,CN101240606
永新,江西,吉安,CN101240607
井冈山,江西,吉安,CN101240608
万安,江西,吉安,CN101240609
遂川,江西,吉安,CN101240610
泰和,江西,吉安,CN101240611
安福,江西,吉安,CN101240612
吉州,江西,吉安,CN101240614
青原,江西,吉安,CN101240615
厦坪,江西,吉安,CN101240616
赣州,江西,赣州,CN101240701
崇义,江西,赣州,CN101240702
上犹,江西,赣州,CN101240703
南康,江西,赣州,CN101240704
大余,江西,赣州,CN101240705
信丰,江西,赣州,CN101240706
宁都,江西,赣州,CN101240707
石城,江西,赣州,CN101240708
瑞金,江西,赣州,CN101240709
于都,江西,赣州,CN101240710
会昌,江西,赣州,CN101240711
安远,江西,赣州,CN101240712
全南,江西,赣州,CN101240713
龙南,江西,赣州,CN101240714
定南,江西,赣州,CN101240715
寻乌,江西,赣州,CN101240716
兴国,江西,赣州,CN101240717
赣县,江西,赣州,CN101240718
章贡,江西,赣州,CN101240719
景德镇,江西,景德镇,CN101240801
乐平,江西,景德镇,CN101240802
浮梁,江西,景德镇,CN101240803
昌江,江西,景德镇,CN101240804
珠山,江西,景德镇,CN101240805
萍乡,江西,萍乡,CN101240901
莲花,江西,萍乡,CN101240902
上栗,江西,萍乡,CN101240903
安源,江西,萍乡,CN101240904
芦溪,江西,萍乡,CN101240905
湘东,江西,萍乡,CN101240906
新余,江西,新余,CN101241001
分宜,江西,新余,CN101241002
渝水,江西,新余,CN101241003
鹰潭,江西,鹰潭,CN101241101
余江,江西,鹰潭,CN101241102
贵溪,江西,鹰潭,CN101241103
月湖,江西,鹰潭,CN101241104
长沙,湖南,长沙,CN101250101
宁乡,湖南,长沙,CN101250102
浏阳,湖南,长沙,CN101250103
湘江新区,湖南,长沙,CN101250104
望城,湖南,长沙,CN101250105
长沙县,湖南,长沙,CN101250106
芙蓉,湖南,长沙,CN101250107
天心,湖南,长沙,CN101250108
岳麓,湖南,长沙,CN101250109
开福,湖南,长沙,CN101250110
雨花,湖南,长沙,CN101250111
湘潭,湖南,湘潭,CN101250201
韶山,湖南,湘潭,CN101250202
湘乡,湖南,湘潭,CN101250203
雨湖,湖南,湘潭,CN101250204
岳塘,湖南,湘潭,CN101250205
株洲,湖南,株洲,CN101250301
攸县,湖南,株洲,CN101250302
醴陵,湖南,株洲,CN101250303
荷塘,湖南,株洲,CN101250304
茶陵,湖南,株洲,CN101250305
炎陵,湖南,株洲,CN101250306
芦淞,湖南,株洲,CN101250307
石峰,湖南,株洲,CN101250308
天元,湖南,株洲,CN101250309
衡阳,湖南,衡阳,CN101250401
衡山,湖南,衡阳,CN101250402
衡东,湖南,衡阳,CN101250403
祁东,湖南,衡阳,CN101250404
衡阳县,湖南,衡阳,CN101250405
常宁,湖南,衡阳,CN101250406
衡南,湖南,衡阳,CN101250407
耒阳,湖南,衡阳,CN101250408
南岳,湖南,衡阳,CN101250409
珠晖,湖南,衡阳,CN101250410
雁峰,湖南,衡阳,CN101250411
石鼓,湖南,衡阳,CN101250412
蒸湘,湖南,衡阳,CN101250413
郴州,湖南,郴州,CN101250501
桂阳,湖南,郴州,CN101250502
嘉禾,湖南,郴州,CN101250503
宜章,湖南,郴州,CN101250504
临武,湖南,郴州,CN101250505
北湖,湖南,郴州,CN101250506
资兴,湖南,郴州,CN101250507
汝城,湖南,郴州,CN101250508
安仁,湖南,郴州,CN101250509
永兴,湖南,郴州,CN101250510
桂东,湖南,郴州,CN101250511
苏仙,湖南,郴州,CN101250512
常德,湖南,常德,CN101250601
安乡,湖南,常德,CN101250602
桃源,湖南,常德,CN101250603
汉寿,湖南,常德,CN101250604
澧县,湖南,常德,CN101250605
临澧,湖南,常德,CN101250606
石门,湖南,常德,CN101250607
津市,湖南,常德,CN101250608
武陵,湖南,常德,CN101250609
鼎城,湖南,常德,CN101250610
益阳,湖南,益阳,CN101250700
赫山区,湖南,益阳,CN101250701
南县,湖南,益阳,CN101250702
桃江,湖南,益阳,CN101250703
安化,湖南,益阳,CN101250704
沅江,湖南,益阳,CN101250705
资阳,湖南,益阳,CN101250706
娄底,湖南,娄底,CN101250801
双峰,湖南,娄底,CN101250802
冷水江,湖南,娄底,CN101250803
娄星,湖南,娄底,CN101250804
新化,湖南,娄底,CN101250805
涟源,湖南,娄底,CN101250806
邵阳,湖南,邵阳,CN101250901
隆回,湖南,邵阳,CN101250902
洞口,湖南,邵阳,CN101250903
新邵,湖南,邵阳,CN101250904
邵东,湖南,邵阳,CN101250905
绥宁,湖南,邵阳,CN101250906
新宁,湖南,邵阳,CN101250907
武冈,湖南,邵阳,CN101250908
城步,湖南,邵阳,CN101250909
邵阳县,湖南,邵阳,CN101250910
双清,湖南,邵阳,CN101250911
大祥,湖南,邵阳,CN101250912
北塔,湖南,邵阳,CN101250913
岳阳,湖南,岳阳,CN101251001
华容,湖南,岳阳,CN101251002
湘阴,湖南,岳阳,CN101251003
汨罗,湖南,岳阳,CN101251004
平江,湖南,岳阳,CN101251005
临湘,湖南,岳阳,CN101251006
岳阳楼区,湖南,岳阳,CN101251007
云溪,湖南,岳阳,CN101251008
君山,湖南,岳阳,CN101251009
张家界,湖南,张家界,CN101251101
桑植,湖南,张家界,CN101251102
慈利,湖南,张家界,CN101251103
武陵源,湖南,张家界,CN101251104
永定,湖南,张家界,CN101251105
怀化,湖南,怀化,CN101251201
鹤城,湖南,怀化,CN101251202
沅陵,湖南,怀化,CN101251203
辰溪,湖南,怀化,CN101251204
靖州,湖南,怀化,CN101251205
会同,湖南,怀化,CN101251206
通道,湖南,怀化,CN101251207
麻阳,湖南,怀化,CN101251208
新晃,湖南,怀化,CN101251209
芷江,湖南,怀化,CN101251210
溆浦,湖南,怀化,CN101251211
中方,湖南,怀化,CN101251212
洪江,湖南,怀化,CN101251213
永州,湖南,永州,CN101251401
祁阳,湖南,永州,CN101251402
东安,湖南,永州,CN101251403
双牌,湖南,永州,CN101251404
道县,湖南,永州,CN101251405
宁远,湖南,永州,CN101251406
江永,湖南,永州,CN101251407
蓝山,湖南,永州,CN101251408
新田,湖南,永州,CN101251409
江华,湖南,永州,CN101251410
冷水滩,湖南,永州,CN101251411
零陵,湖南,永州,CN101251412
吉首,湖南,湘西,CN101251501
保靖,湖南,湘西,CN101251502
永顺,湖南,湘西,CN101251503
古丈,湖南,湘西,CN101251504
凤凰,湖南,湘西,CN101251505
泸溪,湖南,湘西,CN101251506
龙山,湖南,湘西,CN101251507
花垣,湖南,湘西,CN101251508
湘西,湖南,湘西,CN101251509
贵阳,贵州,贵阳,CN101260101
白云,贵州,贵阳,CN101260102
花溪,贵州,贵阳,CN101260103
乌当,贵州,贵阳,CN101260104
息烽,贵州,贵阳,CN101260105
开阳,贵州,贵阳,CN101260106
修文,贵州,贵阳,CN101260107
清镇,贵州,贵阳,CN101260108
云岩,贵州,贵阳,CN101260110
南明,贵州,贵阳,CN101260111
观山湖,贵州,贵阳,CN101260112
遵义,贵州,遵义,CN101260201
仁怀,贵州,遵义,CN101260203
绥阳,贵州,遵义,CN101260204
湄潭,贵州,遵义,CN101260205
凤冈,贵州,遵义,CN101260206
桐梓,贵州,遵义,CN101260207
赤水,贵州,遵义,CN101260208
习水,贵州,遵义,CN101260209
道真,贵州,遵义,CN101260210
正安,贵州,遵义,CN101260211
务川,贵州,遵义,CN101260212
余庆,贵州,遵义,CN101260213
汇川,贵州,遵义,CN101260214
红花岗,贵州,遵义,CN101260215
播州,贵州,遵义,CN101260216
安顺,贵州,安顺,CN101260301
普定,贵州,安顺,CN101260302
镇宁,贵州,安顺,CN101260303
平坝,贵州,安顺,CN101260304
紫云,贵州,安顺,CN101260305
关岭,贵州,安顺,CN101260306
西秀,贵州,安顺,CN101260307
都匀,贵州,黔南,CN101260401
贵定,贵州,黔南,CN101260402
瓮安,贵州,黔南,CN101260403
长顺,贵州,黔南,CN101260404
福泉,贵州,黔南,CN101260405
惠水,贵州,黔南,CN101260406
龙里,贵州,黔南,CN101260407
罗甸,贵州,黔南,CN101260408
平塘,贵州,黔南,CN101260409
独山,贵州,黔南,CN101260410
三都,贵州,黔南,CN101260411
荔波,贵州,黔南,CN101260412
黔南,贵州,黔南,CN101260413
凯里,贵州,黔东南,CN101260501
岑巩,贵州,黔东南,CN101260502
施秉,贵州,黔东南,CN101260503
镇远,贵州,黔东南,CN101260504
黄平,贵州,黔东南,CN101260505
黔东南,贵州,黔东南,CN101260506
麻江,贵州,黔东南,CN101260507
丹寨,贵州,黔东南,CN101260508
三穗,贵州,黔东南,CN101260509
台江,贵州,黔东南,CN101260510
剑河,贵州,黔东南,CN101260511
雷山,贵州,黔东南,CN101260512
黎平,贵州,黔东南,CN101260513
天柱,贵州,黔东南,CN101260514
锦屏,贵州,黔东南,CN101260515
榕江,贵州,黔东南,CN101260516
从江,贵州,黔东南,CN101260517
铜仁,贵州,铜仁,CN101260601
江口,贵州,铜仁,CN101260602
玉屏,贵州,铜仁,CN101260603
万山,贵州,铜仁,CN101260604
思南,贵州,铜仁,CN101260605
碧江,贵州,铜仁,CN101260606
印江,贵州,铜仁,CN101260607
石阡,贵州,铜仁,CN101260608
沿河,贵州,铜仁,CN101260609
德江,贵州,铜仁,CN101260610
松桃,贵州,铜仁,CN101260611
毕节,贵州,毕节,CN101260701
赫章,贵州,毕节,CN101260702
金沙,贵州,毕节,CN101260703
威宁,贵州,毕节,CN101260704
大方,贵州,毕节,CN101260705
纳雍,贵州,毕节,CN101260706
织金,贵州,毕节,CN101260707
黔西,贵州,毕节,CN101260708
七星关,贵州,毕节,CN101260709
水城,贵州,六盘水,CN101260801
六枝,贵州,六盘水,CN101260802
六盘水,贵州,六盘水,CN101260803
盘州,贵州,六盘水,CN101260804
钟山,贵州,六盘水,CN101260805
兴义,贵州,黔西南,CN101260901
晴隆,贵州,黔西南,CN101260902
兴仁,贵州,黔西南,CN101260903
贞丰,贵州,黔西南,CN101260904
望谟,贵州,黔西南,CN101260905
黔西南,贵州,黔西南,CN101260906
安龙,贵州,黔西南,CN101260907
册亨,贵州,黔西南,CN101260908
普安,贵州,黔西南,CN101260909
成都,四川,成都,CN101270101
龙泉驿,四川,成都,CN101270102
新都,四川,成都,CN101270103
温江,四川,成都,CN101270104
金堂,四川,成都,CN101270105
双流,四川,成都,CN101270106
郫都,四川,成都,CN101270107
大邑,四川,成都,CN101270108
蒲江,四川,成都,CN101270109
新津,四川,成都,CN101270110
都江堰,四川,成都,CN101270111
彭州,四川,成都,CN101270112
邛崃,四川,成都,CN101270113
崇州,四川,成都,CN101270114
青白江,四川,成都,CN101270115
锦江,四川,成都,CN101270116
青羊,四川,成都,CN101270117
金牛,四川,成都,CN101270118
武侯,四川,成都,CN101270119
成华,四川,成都,CN101270120
简阳,四川,成都,CN101270121
攀枝花,四川,攀枝花,CN101270201
仁和,四川,攀枝花,CN101270202
米易,四川,攀枝花,CN101270203
盐边,四川,攀枝花,CN101270204
东区,四川,攀枝花,CN101270205
西区,四川,攀枝花,CN101270206
自贡,四川,自贡,CN101270301
富顺,四川,自贡,CN101270302
荣县,四川,自贡,CN101270303
自流井,四川,自贡,CN101270304
贡井,四川,自贡,CN101270305
大安,四川,自贡,CN101270306
沿滩,四川,自贡,CN101270307
绵阳,四川,绵阳,CN101270401
三台,四川,绵阳,CN101270402
盐亭,四川,绵阳,CN101270403
梓潼,四川,绵阳,CN101270405
北川,四川,绵阳,CN101270406
平武,四川,绵阳,CN101270407
江油,四川,绵阳,CN101270408
涪城,四川,绵阳,CN101270409
游仙,四川,绵阳,CN101270410
安州,四川,绵阳,CN101270411
南充,四川,南充,CN101270501
南部,四川,南充,CN101270502
营山,四川,南充,CN101270503
蓬安,四川,南充,CN101270504
仪陇,四川,南充,CN101270505
西充,四川,南充,CN101270506
阆中,四川,南充,CN101270507
顺庆,四川,南充,CN101270508
高坪,四川,南充,CN101270509
嘉陵,四川,南充,CN101270510
达州,四川,达州,CN101270601
宣汉,四川,达州,CN101270602
开江,四川,达州,CN101270603
大竹,四川,达州,CN101270604
渠县,四川,达州,CN101270605
万源,四川,达州,CN101270606
通川,四川,达州,CN101270607
达川,四川,达州,CN101270608
遂宁,四川,遂宁,CN101270701
蓬溪,四川,遂宁,CN101270702
射洪,四川,遂宁,CN101270703
船山,四川,遂宁,CN101270704
安居,四川,遂宁,CN101270705
大英,四川,遂宁,CN101270706
广安,四川,广安,CN101270801
岳池,四川,广安,CN101270802
武胜,四川,广安,CN101270803
邻水,四川,广安,CN101270804
华蓥,四川,广安,CN101270805
前锋,四川,广安,CN101270806
巴中,四川,巴中,CN101270901
通江,四川,巴中,CN101270902
南江,四川,巴中,CN101270903
平昌,四川,巴中,CN101270904
巴州,四川,巴中,CN101270905
恩阳,四川,巴中,CN101270906
泸州,四川,泸州,CN101271001
江阳,四川,泸州,CN101271002
泸县,四川,泸州,CN101271003
合江,四川,泸州,CN101271004
叙永,四川,泸州,CN101271005
古蔺,四川,泸州,CN101271006
纳溪,四川,泸州,CN101271007
龙马潭,四川,泸州,CN101271008
宜宾,四川,宜宾,CN101271101
翠屏,四川,宜宾,CN101271102
宜宾县,四川,宜宾,CN101271103
南溪,四川,宜宾,CN101271104
江安,四川,宜宾,CN101271105
长宁,四川,宜宾,CN101271106
高县,四川,宜宾,CN101271107
珙县,四川,宜宾,CN101271108
筠连,四川,宜宾,CN101271109
兴文,四川,宜宾,CN101271110
屏山,四川,宜宾,CN101271111
内江,四川,内江,CN101271201
东兴,四川,内江,CN101271202
威远,四川,内江,CN101271203
资中,四川,内江,CN101271204
隆昌,四川,内江,CN101271205
市中,四川,内江,CN101271206
资阳,四川,资阳,CN101271301
安岳,四川,资阳,CN101271302
乐至,四川,资阳,CN101271303
雁江,四川,资阳,CN101271305
乐山,四川,乐山,CN101271401
犍为,四川,乐山,CN101271402
井研,四川,乐山,CN101271403
夹江,四川,乐山,CN101271404
沐川,四川,乐山,CN101271405
峨边,四川,乐山,CN101271406
马边,四川,乐山,CN101271407
峨眉山,四川,乐山,CN101271409
市中,四川,乐山,CN101271410
沙湾,四川,乐山,CN101271411
五通桥,四川,乐山,CN101271412
金口河,四川,乐山,CN101271413
峨眉山市,四川,乐山,CN101271414
眉山,四川,眉山,CN101271501
仁寿,四川,眉山,CN101271502
彭山,四川,眉山,CN101271503
洪雅,四川,眉山,CN101271504
丹棱,四川,眉山,CN101271505
青神,四川,眉山,CN101271506
东坡,四川,眉山,CN101271507
凉山,四川,凉山,CN101271601
木里,四川,凉山,CN101271603
盐源,四川,凉山,CN101271604
德昌,四川,凉山,CN101271605
会理,四川,凉山,CN101271606
会东,四川,凉山,CN101271607
宁南,四川,凉山,CN101271608
普格,四川,凉山,CN101271609
西昌,四川,凉山,CN101271610
金阳,四川,凉山,CN101271611
昭觉,四川,凉山,CN101271612
喜德,四川,凉山,CN101271613
冕宁,四川,凉山,CN101271614
越西,四川,凉山,CN101271615
甘洛,四川,凉山,CN101271616
雷波,四川,凉山,CN101271617
美姑,四川,凉山,CN101271618
布拖,四川,凉山,CN101271619
雅安,四川,雅安,CN101271701
名山,四川,雅安,CN101271702
荥经,四川,雅安,CN101271703
汉源,四川,雅安,CN101271704
石棉,四川,雅安,CN101271705
天全,四川,雅安,CN101271706
芦山,四川,雅安,CN101271707
宝兴,四川,雅安,CN101271708
雨城,四川,雅安,CN101271709
甘孜,四川,甘孜,CN101271801
康定,四川,甘孜,CN101271802
泸定,四川,甘孜,CN101271803
丹巴,四川,甘孜,CN101271804
九龙,四川,甘孜,CN101271805
雅江,四川,甘孜,CN101271806
道孚,四川,甘孜,CN101271807
炉霍,四川,甘孜,CN101271808
新龙,四川,甘孜,CN101271809
德格,四川,甘孜,CN101271810
白玉,四川,甘孜,CN101271811
石渠,四川,甘孜,CN101271812
色达,四川,甘孜,CN101271813
理塘,四川,甘孜,CN101271814
巴塘,四川,甘孜,CN101271815
乡城,四川,甘孜,CN101271816
稻城,四川,甘孜,CN101271817
得荣,四川,甘孜,CN101271818
阿坝,四川,阿坝,CN101271901
汶川,四川,阿坝,CN101271902
理县,四川,阿坝,CN101271903
茂县,四川,阿坝,CN101271904
松潘,四川,阿坝,CN101271905
九寨沟,四川,阿坝,CN101271906
金川,四川,阿坝,CN101271907
小金,四川,阿坝,CN101271908
黑水,四川,阿坝,CN101271909
马尔康,四川,阿坝,CN101271910
壤塘,四川,阿坝,CN101271911
若尔盖,四川,阿坝,CN101271912
红原,四川,阿坝,CN101271913
德阳,四川,德阳,CN101272001
中江,四川,德阳,CN101272002
广汉,四川,德阳,CN101272003
什邡,四川,德阳,CN101272004
绵竹,四川,德阳,CN101272005
罗江,四川,德阳,CN101272006
旌阳,四川,德阳,CN101272007
广元,四川,广元,CN101272101
旺苍,四川,广元,CN101272102
青川,四川,广元,CN101272103
剑阁,四川,广元,CN101272104
苍溪,四川,广元,CN101272105
利州,四川,广元,CN101272106
昭化,四川,广元,CN101272107
朝天,四川,广元,CN101272108
广州,广东,广州,CN101280101
番禺,广东,广州,CN101280102
从化,广东,广州,CN101280103
增城,广东,广州,CN101280104
花都,广东,广州,CN101280105
荔湾,广东,广州,CN101280106
越秀,广东,广州,CN101280107
海珠,广东,广州,CN101280108
天河,广东,广州,CN101280109
白云,广东,广州,CN101280110
黄埔,广东,广州,CN101280111
南沙,广东,广州,CN101280112
韶关,广东,韶关,CN101280201
乳源,广东,韶关,CN101280202
始兴,广东,韶关,CN101280203
翁源,广东,韶关,CN101280204
乐昌,广东,韶关,CN101280205
仁化,广东,韶关,CN101280206
南雄,广东,韶关,CN101280207
新丰,广东,韶关,CN101280208
曲江,广东,韶关,CN101280209
浈江,广东,韶关,CN101280210
武江,广东,韶关,CN101280211
惠州,广东,惠州,CN101280301
博罗,广东,惠州,CN101280302
惠阳,广东,惠州,CN101280303
惠东,广东,惠州,CN101280304
龙门,广东,惠州,CN101280305
惠城,广东,惠州,CN101280306
梅州,广东,梅州,CN101280401
兴宁,广东,梅州,CN101280402
蕉岭,广东,梅州,CN101280403
大埔,广东,梅州,CN101280404
梅江,广东,梅州,CN101280405
丰顺,广东,梅州,CN101280406
平远,广东,梅州,CN101280407
五华,广东,梅州,CN101280408
梅县,广东,梅州,CN101280409
汕头,广东,汕头,CN101280501
潮阳,广东,汕头,CN101280502
澄海,广东,汕头,CN101280503
南澳,广东,汕头,CN101280504
龙湖,广东,汕头,CN101280505
金平,广东,汕头,CN101280506
濠江,广东,汕头,CN101280507
潮南,广东,汕头,CN101280508
深圳,广东,深圳,CN101280601
罗湖,广东,深圳,CN101280602
福田,广东,深圳,CN101280603
南山,广东,深圳,CN101280604
宝安,广东,深圳,CN101280605
龙岗,广东,深圳,CN101280606
盐田,广东,深圳,CN101280607
龙华,广东,深圳,CN101280608
坪山,广东,深圳,CN101280609
珠海,广东,珠海,CN101280701
斗门,广东,珠海,CN101280702
金湾,广东,珠海,CN101280703
香洲,广东,珠海,CN101280704
佛山,广东,佛山,CN101280800
顺德,广东,佛山,CN101280801
三水,广东,佛山,CN101280802
南海,广东,佛山,CN101280803
高明,广东,佛山,CN101280804
禅城,广东,佛山,CN101280805
肇庆,广东,肇庆,CN101280901
广宁,广东,肇庆,CN101280902
四会,广东,肇庆,CN101280903
端州,广东,肇庆,CN101280904
德庆,广东,肇庆,CN101280905
怀集,广东,肇庆,CN101280906
封开,广东,肇庆,CN101280907
高要,广东,肇庆,CN101280908
鼎湖,广东,肇庆,CN101280909
湛江,广东,湛江,CN101281001
吴川,广东,湛江,CN101281002
雷州,广东,湛江,CN101281003
徐闻,广东,湛江,CN101281004
廉江,广东,湛江,CN101281005
赤坎,广东,湛江,CN101281006
遂溪,广东,湛江,CN101281007
坡头,广东,湛江,CN101281008
霞山,广东,湛江,CN101281009
麻章,广东,湛江,CN101281010
江门,广东,江门,CN101281101
开平,广东,江门,CN101281103
新会,广东,江门,CN101281104
恩平,广东,江门,CN101281105
台山,广东,江门,CN101281106
蓬江,广东,江门,CN101281107
鹤山,广东,江门,CN101281108
江海,广东,江门,CN101281109
河源,广东,河源,CN101281201
紫金,广东,河源,CN101281202
连平,广东,河源,CN101281203
和平,广东,河源,CN101281204
龙川,广东,河源,CN101281205
东源,广东,河源,CN101281206
源城,广东,河源,CN101281207
清远,广东,清远,CN101281301
连南,广东,清远,CN101281302
连州,广东,清远,CN101281303
连山,广东,清远,CN101281304
阳山,广东,清远,CN101281305
佛冈,广东,清远,CN101281306
英德,广东,清远,CN101281307
清新,广东,清远,CN101281308
清城,广东,清远,CN101281309
云浮,广东,云浮,CN101281401
罗定,广东,云浮,CN101281402
新兴,广东,云浮,CN101281403
郁南,广东,云浮,CN101281404
云城,广东,云浮,CN101281405
云安,广东,云浮,CN101281406
潮州,广东,潮州,CN101281501
饶平,广东,潮州,CN101281502
潮安,广东,潮州,CN101281503
湘桥,广东,潮州,CN101281504
东莞,广东,东莞,CN101281601
中山,广东,中山,CN101281701
阳江,广东,阳江,CN101281801
阳春,广东,阳江,CN101281802
阳东,广东,阳江,CN101281803
阳西,广东,阳江,CN101281804
江城,广东,阳江,CN101281805
揭阳,广东,揭阳,CN101281901
揭西,广东,揭阳,CN101281902
普宁,广东,揭阳,CN101281903
惠来,广东,揭阳,CN101281904
揭东,广东,揭阳,CN101281905
榕城,广东,揭阳,CN101281906
茂名,广东,茂名,CN101282001
高州,广东,茂名,CN101282002
化州,广东,茂名,CN101282003
电白,广东,茂名,CN101282004
信宜,广东,茂名,CN101282005
茂南,广东,茂名,CN101282007
汕尾,广东,汕尾,CN101282101
海丰,广东,汕尾,CN101282102
陆丰,广东,汕尾,CN101282103
陆河,广东,汕尾,CN101282104
昆明,云南,昆明,CN101290101
五华,云南,昆明,CN101290102
东川,云南,昆明,CN101290103
寻甸,云南,昆明,CN101290104
晋宁,云南,昆明,CN101290105
宜良,云南,昆明,CN101290106
石林,云南,昆明,CN101290107
呈贡,云南,昆明,CN101290108
富民,云南,昆明,CN101290109
嵩明,云南,昆明,CN101290110
禄劝,云南,昆明,CN101290111
安宁,云南,昆明,CN101290112
太华山,云南,昆明,CN101290113
盘龙,云南,昆明,CN101290114
官渡,云南,昆明,CN101290115
西山,云南,昆明,CN101290116
大理,云南,大理,CN101290201
云龙,云南,大理,CN101290202
漾濞,云南,大理,CN101290203
永平,云南,大理,CN101290204
宾川,云南,大理,CN101290205
弥渡,云南,大理,CN101290206
祥云,云南,大理,CN101290207
巍山,云南,大理,CN101290208
剑川,云南,大理,CN101290209
洱源,云南,大理,CN101290210
鹤庆,云南,大理,CN101290211
南涧,云南,大理,CN101290212
红河,云南,红河,CN101290301
石屏,云南,红河,CN101290302
建水,云南,红河,CN101290303
弥勒,云南,红河,CN101290304
元阳,云南,红河,CN101290305
绿春,云南,红河,CN101290306
开远,云南,红河,CN101290307
个旧,云南,红河,CN101290308
蒙自,云南,红河,CN101290309
屏边,云南,红河,CN101290310
泸西,云南,红河,CN101290311
金平,云南,红河,CN101290312
河口,云南,红河,CN101290313
曲靖,云南,曲靖,CN101290401
沾益,云南,曲靖,CN101290402
陆良,云南,曲靖,CN101290403
富源,云南,曲靖,CN101290404
马龙,云南,曲靖,CN101290405
师宗,云南,曲靖,CN101290406
罗平,云南,曲靖,CN101290407
会泽,云南,曲靖,CN101290408
宣威,云南,曲靖,CN101290409
麒麟,云南,曲靖,CN101290410
保山,云南,保山,CN101290501
隆阳,云南,保山,CN101290502
龙陵,云南,保山,CN101290503
施甸,云南,保山,CN101290504
昌宁,云南,保山,CN101290505
腾冲,云南,保山,CN101290506
文山,云南,文山,CN101290601
西畴,云南,文山,CN101290602
马关,云南,文山,CN101290603
麻栗坡,云南,文山,CN101290604
砚山,云南,文山,CN101290605
丘北,云南,文山,CN101290606
广南,云南,文山,CN101290607
富宁,云南,文山,CN101290608
玉溪,云南,玉溪,CN101290701
澄江,云南,玉溪,CN101290702
江川,云南,玉溪,CN101290703
通海,云南,玉溪,CN101290704
华宁,云南,玉溪,CN101290705
新平,云南,玉溪,CN101290706
易门,云南,玉溪,CN101290707
峨山,云南,玉溪,CN101290708
元江,云南,玉溪,CN101290709
红塔,云南,玉溪,CN101290710
楚雄,云南,楚雄,CN101290801
大姚,云南,楚雄,CN101290802
元谋,云南,楚雄,CN101290803
姚安,云南,楚雄,CN101290804
牟定,云南,楚雄,CN101290805
南华,云南,楚雄,CN101290806
武定,云南,楚雄,CN101290807
禄丰,云南,楚雄,CN101290808
双柏,云南,楚雄,CN101290809
永仁,云南,楚雄,CN101290810
普洱,云南,普洱,CN101290901
景谷,云南,普洱,CN101290902
景东,云南,普洱,CN101290903
澜沧,云南,普洱,CN101290904
思茅,云南,普洱,CN101290905
墨江,云南,普洱,CN101290906
江城,云南,普洱,CN101290907
孟连,云南,普洱,CN101290908
西盟,云南,普洱,CN101290909
镇沅,云南,普洱,CN101290911
宁洱,云南,普洱,CN101290912
昭通,云南,昭通,CN101291001
鲁甸,云南,昭通,CN101291002
彝良,云南,昭通,CN101291003
镇雄,云南,昭通,CN101291004
威信,云南,昭通,CN101291005
巧家,云南,昭通,CN101291006
绥江,云南,昭通,CN101291007
永善,云南,昭通,CN101291008
盐津,云南,昭通,CN101291009
大关,云南,昭通,CN101291010
水富,云南,昭通,CN101291011
昭阳,云南,昭通,CN101291012
临沧,云南,临沧,CN101291101
沧源,云南,临沧,CN101291102
耿马,云南,临沧,CN101291103
双江,云南,临沧,CN101291104
凤庆,云南,临沧,CN101291105
永德,云南,临沧,CN101291106
云县,云南,临沧,CN101291107
镇康,云南,临沧,CN101291108
临翔,云南,临沧,CN101291109
怒江,云南,怒江,CN101291201
福贡,云南,怒江,CN101291203
兰坪,云南,怒江,CN101291204
泸水,云南,怒江,CN101291205
贡山,云南,怒江,CN101291207
香格里拉,云南,迪庆,CN101291301
德钦,云南,迪庆,CN101291302
维西,云南,迪庆,CN101291303
迪庆,云南,迪庆,CN101291305
丽江,云南,丽江,CN101291401
永胜,云南,丽江,CN101291402
华坪,云南,丽江,CN101291403
宁蒗,云南,丽江,CN101291404
古城,云南,丽江,CN101291405
玉龙,云南,丽江,CN101291406
德宏,云南,德宏,CN101291501
陇川,云南,德宏,CN101291503
盈江,云南,德宏,CN101291504
瑞丽,云南,德宏,CN101291506
梁河,云南,德宏,CN101291507
芒市,云南,德宏,CN101291508
景洪,云南,西双版纳,CN101291601
西双版纳,云南,西双版纳,CN101291602
勐海,云南,西双版纳,CN101291603
勐腊,云南,西双版纳,CN101291605
南宁,广西,南宁,CN101300101
兴宁,广西,南宁,CN101300102
邕宁,广西,南宁,CN101300103
横县,广西,南宁,CN101300104
隆安,广西,南宁,CN101300105
马山,广西,南宁,CN101300106
上林,广西,南宁,CN101300107
武鸣,广西,南宁,CN101300108
宾阳,广西,南宁,CN101300109
青秀,广西,南宁,CN101300110
江南,广西,南宁,CN101300111
西乡塘,广西,南宁,CN101300112
良庆,广西,南宁,CN101300113
崇左,广西,崇左,CN101300201
天等,广西,崇左,CN101300202
龙州,广西,崇左,CN101300203
凭祥,广西,崇左,CN101300204
大新,广西,崇左,CN101300205
扶绥,广西,崇左,CN101300206
宁明,广西,崇左,CN101300207
江州,广西,崇左,CN101300208
柳州,广西,柳州,CN101300301
柳城,广西,柳州,CN101300302
城中,广西,柳州,CN101300303
鹿寨,广西,柳州,CN101300304
柳江,广西,柳州,CN101300305
融安,广西,柳州,CN101300306
融水,广西,柳州,CN101300307
三江,广西,柳州,CN101300308
鱼峰,广西,柳州,CN101300309
柳南,广西,柳州,CN101300310
柳北,广西,柳州,CN101300311
来宾,广西,来宾,CN101300401
忻城,广西,来宾,CN101300402
金秀,广西,来宾,CN101300403
象州,广西,来宾,CN101300404
武宣,广西,来宾,CN101300405
合山,广西,来宾,CN101300406
兴宾,广西,来宾,CN101300407
桂林,广西,桂林,CN101300501
秀峰,广西,桂林,CN101300502
龙胜,广西,桂林,CN101300503
永福,广西,桂林,CN101300504
临桂,广西,桂林,CN101300505
兴安,广西,桂林,CN101300506
灵川,广西,桂林,CN101300507
全州,广西,桂林,CN101300508
灌阳,广西,桂林,CN101300509
阳朔,广西,桂林,CN101300510
恭城,广西,桂林,CN101300511
平乐,广西,桂林,CN101300512
荔浦,广西,桂林,CN101300513
资源,广西,桂林,CN101300514
叠彩,广西,桂林,CN101300515
象山,广西,桂林,CN101300516
七星,广西,桂林,CN101300517
雁山,广西,桂林,CN101300518
梧州,广西,梧州,CN101300601
藤县,广西,梧州,CN101300602
万秀,广西,梧州,CN101300603
苍梧,广西,梧州,CN101300604
蒙山,广西,梧州,CN101300605
岑溪,广西,梧州,CN101300606
长洲,广西,梧州,CN101300607
龙圩,广西,梧州,CN101300608
贺州,广西,贺州,CN101300701
昭平,广西,贺州,CN101300702
富川,广西,贺州,CN101300703
钟山,广西,贺州,CN101300704
八步,广西,贺州,CN101300705
平桂,广西,贺州,CN101300706
贵港,广西,贵港,CN101300801
桂平,广西,贵港,CN101300802
平南,广西,贵港,CN101300803
港北,广西,贵港,CN101300804
港南,广西,贵港,CN101300805
覃塘,广西,贵港,CN101300806
玉林,广西,玉林,CN101300901
博白,广西,玉林,CN101300902
北流,广西,玉林,CN101300903
容县,广西,玉林,CN101300904
陆川,广西,玉林,CN101300905
兴业,广西,玉林,CN101300906
玉州,广西,玉林,CN101300907
福绵,广西,玉林,CN101300908
百色,广西,百色,CN101301001
那坡,广西,百色,CN101301002
田阳,广西,百色,CN101301003
德保,广西,百色,CN101301004
靖西,广西,百色,CN101301005
田东,广西,百色,CN101301006
平果,广西,百色,CN101301007
隆林,广西,百色,CN101301008
西林,广西,百色,CN101301009
乐业,广西,百色,CN101301010
凌云,广西,百色,CN101301011
田林,广西,百色,CN101301012
右江,广西,百色,CN101301013
钦州,广西,钦州,CN101301101
浦北,广西,钦州,CN101301102
灵山,广西,钦州,CN101301103
钦南,广西,钦州,CN101301104
钦北,广西,钦州,CN101301105
河池,广西,河池,CN101301201
天峨,广西,河池,CN101301202
东兰,广西,河池,CN101301203
巴马,广西,河池,CN101301204
环江,广西,河池,CN101301205
罗城,广西,河池,CN101301206
宜州,广西,河池,CN101301207
凤山,广西,河池,CN101301208
南丹,广西,河池,CN101301209
都安,广西,河池,CN101301210
大化,广西,河池,CN101301211
金城江,广西,河池,CN101301212
北海,广西,北海,CN101301301
合浦,广西,北海,CN101301302
涠洲岛,广西,北海,CN101301303
海城,广西,北海,CN101301304
银海,广西,北海,CN101301305
铁山港,广西,北海,CN101301306
防城港,广西,防城港,CN101301401
上思,广西,防城港,CN101301402
东兴,广西,防城港,CN101301403
港口,广西,防城港,CN101301404
防城,广西,防城港,CN101301405
海口,海南,海口,CN101310101
秀英,海南,海口,CN101310102
龙华,海南,海口,CN101310103
琼山,海南,海口,CN101310104
美兰,海南,海口,CN101310105
三亚,海南,三亚,CN101310201
东方,海南,东方,CN101310202
临高,海南,临高,CN101310203
澄迈,海南,澄迈,CN101310204
儋州,海南,儋州,CN101310205
昌江,海南,昌江,CN101310206
白沙,海南,白沙,CN101310207
琼中,海南,琼中,CN101310208
定安,海南,定安,CN101310209
屯昌,海南,屯昌,CN101310210
琼海,海南,琼海,CN101310211
文昌,海南,文昌,CN101310212
海棠,海南,三亚,CN101310213
保亭,海南,保亭,CN101310214
万宁,海南,万宁,CN101310215
陵水,海南,陵水,CN101310216
吉阳,海南,三亚,CN101310218
天涯,海南,三亚,CN101310219
乐东,海南,乐东,CN101310221
五指山,海南,五指山,CN101310222
崖州,海南,三亚,CN101310223
三沙,海南,三沙,CN101310301
西沙,海南,三沙,CN101310302
中沙,海南,三沙,CN101310303
南沙,海南,三沙,CN101310304
黄岩岛,海南,三沙,CN101310305
香港,香港,香港,CN101320101
九龙,香港,香港,CN101320102
新界,香港,香港,CN101320103
澳门,澳门,澳门,CN101330101
氹仔岛,澳门,澳门,CN101330102
路环岛,澳门,澳门,CN101330103
台北,台湾,台北,CN101340101
桃园,台湾,台北,CN101340102
新竹,台湾,台北,CN101340103
宜兰,台湾,台北,CN101340104
高雄,台湾,高雄,CN101340201
嘉义,台湾,高雄,CN101340202
台南,台湾,高雄,CN101340203
台东,台湾,高雄,CN101340204
屏东,台湾,高雄,CN101340205
台中,台湾,台中,CN101340401
苗栗,台湾,台中,CN101340402
彰化,台湾,台中,CN101340403
南投,台湾,台中,CN101340404
花莲,台湾,台中,CN101340405
云林,台湾,台中,CN101340406
